Time,SiteIndex,LinkageGroup,DerivedAlleleCount,DerivedAlleleFreq,SelectionCoefficient,SiteClassCode
1000,20493,0,578,6.741311E-02,0.000000E+00,0
1000,21210,0,10,1.166317E-03,0.000000E+00,0
1000,22147,0,2,2.332634E-04,0.000000E+00,0
1000,23692,0,267,3.114066E-02,3.468280E-03,3
1000,23797,0,3,3.498950E-04,0.000000E+00,0
1000,50995,0,1,1.166317E-04,0.000000E+00,0
1000,62828,0,493,5.749942E-02,0.000000E+00,0
1000,85765,0,236,2.752508E-02,0.000000E+00,0
1000,94447,0,103,1.201306E-02,0.000000E+00,0
1000,98812,0,2,2.332634E-04,0.000000E+00,0
1000,102703,0,7629,8.897831E-01,0.000000E+00,0
1000,103323,0,41,4.781899E-03,0.000000E+00,0
1000,107048,0,89,1.038022E-02,0.000000E+00,0
1000,146584,0,3,3.498950E-04,0.000000E+00,0
1000,153852,0,386,4.501983E-02,0.000000E+00,0
1000,157723,0,44,5.131794E-03,0.000000E+00,0
1000,158636,0,869,1.013529E-01,0.000000E+00,0
1000,175191,0,5732,6.685328E-01,0.000000E+00,0
1000,179098,0,2934,3.421973E-01,0.000000E+00,0
1000,181905,0,1,1.166317E-04,0.000000E+00,0
1000,188507,0,678,7.907628E-02,0.000000E+00,0
1000,188752,0,1392,1.623513E-01,0.000000E+00,0
1000,190490,0,542,6.321437E-02,0.000000E+00,0
1000,201665,0,6,6.997901E-04,0.000000E+00,0
1000,203815,0,2341,2.730348E-01,0.000000E+00,0
1000,229354,0,149,1.737812E-02,0.000000E+00,0
1000,232540,0,35,4.082109E-03,0.000000E+00,0
1000,233373,0,6,6.997901E-04,0.000000E+00,0
1000,242336,0,1675,1.953581E-01,0.000000E+00,0
1000,252728,1,931,1.085841E-01,0.000000E+00,0
1000,253651,1,2350,2.740844E-01,0.000000E+00,0
1000,261959,1,4,4.665267E-04,0.000000E+00,0
1000,262074,1,78,9.097271E-03,0.000000E+00,0
1000,262273,1,102,1.189643E-02,0.000000E+00,0
1000,273709,1,186,2.169349E-02,0.000000E+00,0
1000,274809,1,4676,5.453697E-01,0.000000E+00,0
1000,279821,1,1,1.166317E-04,0.000000E+00,0
1000,279967,1,1,1.166317E-04,4.358901E-05,2
1000,284094,1,2,2.332634E-04,0.000000E+00,0
1000,285720,1,20,2.332634E-03,0.000000E+00,0
1000,287524,1,534,6.228132E-02,0.000000E+00,0
1000,287927,1,131,1.527875E-02,0.000000E+00,0
1000,294344,1,887,1.034523E-01,0.000000E+00,0
1000,318220,1,1,1.166317E-04,0.000000E+00,0
1000,321082,1,1030,1.201306E-01,0.000000E+00,0
1000,330736,1,9,1.049685E-03,0.000000E+00,0
1000,331451,1,3,3.498950E-04,0.000000E+00,0
1000,337042,1,2,2.332634E-04,0.000000E+00,0
1000,342028,1,1,1.166317E-04,0.000000E+00,0
1000,342367,1,1072,1.250292E-01,0.000000E+00,0
1000,348164,1,1443,1.682995E-01,0.000000E+00,0
1000,350609,1,10,1.166317E-03,0.000000E+00,0
1000,354263,1,710,8.280849E-02,0.000000E+00,0
1000,370951,1,1,1.166317E-04,0.000000E+00,0
1000,376434,1,65,7.581059E-03,0.000000E+00,0
1000,397508,1,3455,4.029624E-01,0.000000E+00,0
1000,397522,1,22,2.565897E-03,0.000000E+00,0
1000,398889,1,1,1.166317E-04,0.000000E+00,0
1000,407389,1,12,1.399580E-03,0.000000E+00,0
1000,408924,1,3,3.498950E-04,0.000000E+00,0
1000,431979,1,2,2.332634E-04,0.000000E+00,0
1000,440634,1,1,1.166317E-04,0.000000E+00,0
1000,441096,1,2,2.332634E-04,0.000000E+00,0
1000,454770,1,5,5.831584E-04,0.000000E+00,0
1000,471855,1,1,1.166317E-04,0.000000E+00,0
1000,474687,1,1,1.166317E-04,0.000000E+00,0
1000,476790,1,29,3.382319E-03,0.000000E+00,0
1000,492603,1,6142,7.163518E-01,0.000000E+00,0
1000,492826,1,8,9.330534E-04,0.000000E+00,0
1000,493443,1,48,5.598321E-03,0.000000E+00,0
1000,498216,1,5,5.831584E-04,0.000000E+00,0
1000,499738,1,229,2.670865E-02,0.000000E+00,0
1000,501473,2,43,5.015162E-03,0.000000E+00,0
1000,515542,2,1107,1.291113E-01,0.000000E+00,0
1000,531451,2,57,6.648006E-03,0.000000E+00,0
1000,531857,2,2614,3.048752E-01,0.000000E+00,0
1000,534019,2,852,9.937019E-02,0.000000E+00,0
1000,538872,2,19,2.216002E-03,0.000000E+00,0
1000,540769,2,1,1.166317E-04,0.000000E+00,0
1000,547117,2,4,4.665267E-04,0.000000E+00,0
1000,568522,2,396,4.618614E-02,0.000000E+00,0
1000,570413,2,50,5.831584E-03,0.000000E+00,0
1000,597722,2,25,2.915792E-03,0.000000E+00,0
1000,597724,2,7,8.164217E-04,0.000000E+00,0
1000,601135,2,1,1.166317E-04,0.000000E+00,0
1000,606476,2,11,1.282948E-03,0.000000E+00,0
1000,613293,2,1,1.166317E-04,0.000000E+00,0
1000,627467,2,8121,9.471659E-01,0.000000E+00,0
1000,627734,2,119,1.387917E-02,0.000000E+00,0
1000,630171,2,12,1.399580E-03,0.000000E+00,0
1000,635404,2,2173,2.534406E-01,0.000000E+00,0
1000,642118,2,4,4.665267E-04,3.298138E-04,2
1000,644360,2,135,1.574528E-02,0.000000E+00,0
1000,646937,2,4961,5.786098E-01,0.000000E+00,0
1000,647021,2,5,5.831584E-04,0.000000E+00,0
1000,649843,2,5,5.831584E-04,0.000000E+00,0
1000,653844,2,3714,4.331700E-01,0.000000E+00,0
1000,665846,2,340,3.965477E-02,0.000000E+00,0
1000,666820,2,41,4.781899E-03,0.000000E+00,0
1000,671237,2,18,2.099370E-03,0.000000E+00,0
1000,672606,2,29,3.382319E-03,1.107804E-02,3
1000,686845,2,322,3.755540E-02,0.000000E+00,0
1000,689078,2,5265,6.140658E-01,0.000000E+00,0
1000,690749,2,4038,4.709587E-01,0.000000E+00,0
1000,706504,2,5,5.831584E-04,0.000000E+00,0
1000,709408,2,6824,7.958946E-01,0.000000E+00,0
1000,715777,2,62,7.231164E-03,0.000000E+00,0
1000,722299,2,701,8.175881E-02,0.000000E+00,0
1000,730166,2,1,1.166317E-04,0.000000E+00,0
1000,745334,2,3150,3.673898E-01,0.000000E+00,0
1000,745890,2,39,4.548635E-03,0.000000E+00,0
1000,754454,3,33,3.848845E-03,0.000000E+00,0
1000,764388,3,1769,2.063214E-01,0.000000E+00,0
1000,770254,3,6,6.997901E-04,0.000000E+00,0
1000,773537,3,63,7.347796E-03,0.000000E+00,0
1000,783424,3,254,2.962445E-02,0.000000E+00,0
1000,788610,3,2,2.332634E-04,0.000000E+00,0
1000,793390,3,12,1.399580E-03,0.000000E+00,0
1000,795045,3,67,7.814322E-03,0.000000E+00,0
1000,800866,3,3,3.498950E-04,0.000000E+00,0
1000,806724,3,1,1.166317E-04,0.000000E+00,0
1000,815413,3,15,1.749475E-03,0.000000E+00,0
1000,815960,3,40,4.665267E-03,0.000000E+00,0
1000,817919,3,2764,3.223700E-01,0.000000E+00,0
1000,829469,3,104,1.212969E-02,0.000000E+00,0
1000,831693,3,333,3.883835E-02,0.000000E+00,0
1000,841564,3,4,4.665267E-04,0.000000E+00,0
1000,845972,3,620,7.231164E-02,0.000000E+00,0
1000,859833,3,65,7.581059E-03,0.000000E+00,0
1000,869160,3,1,1.166317E-04,0.000000E+00,0
1000,872977,3,2,2.332634E-04,0.000000E+00,0
1000,875651,3,14,1.632843E-03,0.000000E+00,0
1000,882962,3,108,1.259622E-02,0.000000E+00,0
1000,886317,3,1359,1.585024E-01,0.000000E+00,0
1000,886579,3,35,4.082109E-03,0.000000E+00,0
1000,898630,3,60,6.997901E-03,0.000000E+00,0
1000,904677,3,3,3.498950E-04,0.000000E+00,0
1000,914118,3,7087,8.265687E-01,0.000000E+00,0
1000,918229,3,208,2.425939E-02,0.000000E+00,0
1000,918663,3,23,2.682529E-03,0.000000E+00,0
1000,924776,3,11,1.282948E-03,0.000000E+00,0
1000,948091,3,2,2.332634E-04,0.000000E+00,0
1000,948682,3,3228,3.764871E-01,0.000000E+00,0
1000,953841,3,24,2.799160E-03,0.000000E+00,0
1000,954423,3,70,8.164217E-03,0.000000E+00,0
1000,955299,3,1198,1.397247E-01,0.000000E+00,0
1000,971209,3,65,7.581059E-03,0.000000E+00,0
1000,977726,3,13,1.516212E-03,0.000000E+00,0
1000,993435,3,2690,3.137392E-01,0.000000E+00,0
1000,995029,3,20,2.332634E-03,0.000000E+00,0
1000,998183,3,32,3.732214E-03,0.000000E+00,0
2000,7049,0,18,2.655651E-03,0.000000E+00,0
2000,20493,0,1178,1.737976E-01,0.000000E+00,0
2000,46273,0,14,2.065506E-03,0.000000E+00,0
2000,47110,0,2,2.950723E-04,0.000000E+00,0
2000,47971,0,10,1.475361E-03,0.000000E+00,0
2000,51821,0,2,2.950723E-04,0.000000E+00,0
2000,68508,0,2,2.950723E-04,0.000000E+00,0
2000,75270,0,162,2.390086E-02,0.000000E+00,0
2000,86614,0,2,2.950723E-04,0.000000E+00,0
2000,91583,0,26,3.835940E-03,0.000000E+00,0
2000,94447,0,270,3.983476E-02,0.000000E+00,0
2000,99628,0,2,2.950723E-04,0.000000E+00,0
2000,102703,0,5639,8.319563E-01,0.000000E+00,0
2000,128067,0,18,2.655651E-03,0.000000E+00,0
2000,157349,0,13,1.917970E-03,0.000000E+00,0
2000,158636,0,225,3.319563E-02,0.000000E+00,0
2000,161818,0,23,3.393331E-03,0.000000E+00,0
2000,175191,0,5732,8.456772E-01,0.000000E+00,0
2000,179098,0,3194,4.712305E-01,0.000000E+00,0
2000,182831,0,13,1.917970E-03,0.000000E+00,0
2000,188507,0,781,1.152257E-01,0.000000E+00,0
2000,188752,0,428,6.314547E-02,0.000000E+00,0
2000,190490,0,93,1.372086E-02,0.000000E+00,0
2000,203815,0,1699,2.506639E-01,0.000000E+00,0
2000,204886,0,84,1.239304E-02,0.000000E+00,0
2000,206471,0,83,1.224550E-02,0.000000E+00,0
2000,208981,0,12,1.770434E-03,3.057731E-03,3
2000,221320,0,4,5.901446E-04,0.000000E+00,0
2000,239587,0,7,1.032753E-03,0.000000E+00,0
2000,242336,0,721,1.063736E-01,0.000000E+00,0
2000,249111,0,5,7.376807E-04,0.000000E+00,0
2000,252728,1,1017,1.500443E-01,0.000000E+00,0
2000,253651,1,885,1.305695E-01,0.000000E+00,0
2000,262273,1,236,3.481853E-02,0.000000E+00,0
2000,273709,1,165,2.434346E-02,0.000000E+00,0
2000,274809,1,4244,6.261434E-01,0.000000E+00,0
2000,285648,1,1,1.475361E-04,0.000000E+00,0
2000,287524,1,87,1.283564E-02,0.000000E+00,0
2000,294344,1,408,6.019475E-02,0.000000E+00,0
2000,298571,1,10,1.475361E-03,0.000000E+00,0
2000,306604,1,4,5.901446E-04,0.000000E+00,0
2000,310086,1,1,1.475361E-04,0.000000E+00,0
2000,321082,1,1644,2.425494E-01,0.000000E+00,0
2000,322871,1,7,1.032753E-03,0.000000E+00,0
2000,327818,1,21,3.098259E-03,0.000000E+00,0
2000,333371,1,1,1.475361E-04,0.000000E+00,0
2000,334697,1,17,2.508114E-03,0.000000E+00,0
2000,341547,1,18,2.655651E-03,0.000000E+00,0
2000,342367,1,630,9.294777E-02,0.000000E+00,0
2000,348164,1,1301,1.919445E-01,0.000000E+00,0
2000,354263,1,453,6.683387E-02,0.000000E+00,0
2000,354749,1,5,7.376807E-04,0.000000E+00,0
2000,361770,1,2,2.950723E-04,0.000000E+00,0
2000,364930,1,1,1.475361E-04,0.000000E+00,0
2000,368130,1,41,6.048982E-03,0.000000E+00,0
2000,371000,1,3,4.426084E-04,0.000000E+00,0
2000,378058,1,1,1.475361E-04,0.000000E+00,0
2000,386983,1,28,4.131012E-03,0.000000E+00,0
2000,397508,1,2677,3.949543E-01,0.000000E+00,0
2000,405265,1,1,1.475361E-04,0.000000E+00,0
2000,407797,1,185,2.729419E-02,0.000000E+00,0
2000,409417,1,49,7.229271E-03,0.000000E+00,0
2000,412828,1,19,2.803187E-03,0.000000E+00,0
2000,423684,1,3,4.426084E-04,0.000000E+00,0
2000,430899,1,5,7.376807E-04,0.000000E+00,0
2000,431702,1,1,1.475361E-04,0.000000E+00,0
2000,435132,1,33,4.868693E-03,0.000000E+00,0
2000,442270,1,55,8.114488E-03,0.000000E+00,0
2000,450794,1,1,1.475361E-04,0.000000E+00,0
2000,457714,1,101,1.490115E-02,0.000000E+00,0
2000,459471,1,1,1.475361E-04,0.000000E+00,0
2000,463832,1,13,1.917970E-03,0.000000E+00,0
2000,467729,1,130,1.917970E-02,0.000000E+00,0
2000,472204,1,6,8.852169E-04,0.000000E+00,0
2000,477564,1,260,3.835940E-02,0.000000E+00,0
2000,488627,1,39,5.753910E-03,0.000000E+00,0
2000,492603,1,3704,5.464739E-01,0.000000E+00,0
2000,496636,1,3,4.426084E-04,0.000000E+00,0
2000,499738,1,108,1.593390E-02,0.000000E+00,0
2000,507452,2,29,4.278548E-03,0.000000E+00,0
2000,515542,2,2183,3.220714E-01,0.000000E+00,0
2000,520755,2,2,2.950723E-04,0.000000E+00,0
2000,522242,2,3,4.426084E-04,0.000000E+00,0
2000,530044,2,3,4.426084E-04,0.000000E+00,0
2000,531857,2,1541,2.273532E-01,0.000000E+00,0
2000,533348,2,1,1.475361E-04,0.000000E+00,0
2000,534019,2,278,4.101505E-02,0.000000E+00,0
2000,543850,2,137,2.021245E-02,0.000000E+00,0
2000,548573,2,1,1.475361E-04,0.000000E+00,0
2000,549951,2,7,1.032753E-03,0.000000E+00,0
2000,565981,2,2,2.950723E-04,0.000000E+00,0
2000,567324,2,8,1.180289E-03,0.000000E+00,0
2000,568522,2,714,1.053408E-01,0.000000E+00,0
2000,574730,2,1,1.475361E-04,0.000000E+00,0
2000,576222,2,15,2.213042E-03,0.000000E+00,0
2000,576797,2,1,1.475361E-04,0.000000E+00,0
2000,589519,2,1,1.475361E-04,0.000000E+00,0
2000,590536,2,6,8.852169E-04,0.000000E+00,0
2000,594595,2,6,8.852169E-04,0.000000E+00,0
2000,595605,2,17,2.508114E-03,0.000000E+00,0
2000,599319,2,2,2.950723E-04,0.000000E+00,0
2000,599663,2,37,5.458837E-03,0.000000E+00,0
2000,605590,2,3,4.426084E-04,0.000000E+00,0
2000,616907,2,29,4.278548E-03,0.000000E+00,0
2000,622357,2,17,2.508114E-03,0.000000E+00,0
2000,627467,2,6138,9.055769E-01,0.000000E+00,0
2000,632657,2,49,7.229271E-03,0.000000E+00,0
2000,635404,2,1582,2.334022E-01,0.000000E+00,0
2000,638842,2,8,1.180289E-03,0.000000E+00,0
2000,643724,2,2,2.950723E-04,0.000000E+00,0
2000,646937,2,2768,4.083801E-01,0.000000E+00,0
2000,647277,2,58,8.557096E-03,0.000000E+00,0
2000,653844,2,1022,1.507819E-01,0.000000E+00,0
2000,662191,2,20,2.950723E-03,0.000000E+00,0
2000,662861,2,695,1.025376E-01,0.000000E+00,0
2000,665846,2,1229,1.813219E-01,0.000000E+00,0
2000,672843,2,2,2.950723E-04,0.000000E+00,0
2000,673882,2,15,2.213042E-03,0.000000E+00,0
2000,673993,2,100,1.475361E-02,0.000000E+00,0
2000,679018,2,242,3.570375E-02,0.000000E+00,0
2000,681598,2,4,5.901446E-04,4.108286E-03,3
2000,682288,2,33,4.868693E-03,7.624517E-03,2
2000,683781,2,23,3.393331E-03,0.000000E+00,0
2000,685899,2,153,2.257303E-02,0.000000E+00,0
2000,689078,2,3968,5.854234E-01,0.000000E+00,0
2000,690749,2,3310,4.883446E-01,0.000000E+00,0
2000,691512,2,7,1.032753E-03,0.000000E+00,0
2000,697065,2,179,2.640897E-02,0.000000E+00,0
2000,709408,2,4821,7.112718E-01,0.000000E+00,0
2000,709833,2,107,1.578637E-02,0.000000E+00,0
2000,715777,2,77,1.136028E-02,0.000000E+00,0
2000,722299,2,382,5.635881E-02,0.000000E+00,0
2000,727938,2,16,2.360578E-03,0.000000E+00,0
2000,740228,2,8,1.180289E-03,0.000000E+00,0
2000,745334,2,2243,3.309236E-01,0.000000E+00,0
2000,749235,2,37,5.458837E-03,0.000000E+00,0
2000,764388,3,172,2.537622E-02,0.000000E+00,0
2000,772413,3,14,2.065506E-03,0.000000E+00,0
2000,774887,3,4,5.901446E-04,0.000000E+00,0
2000,780497,3,6,8.852169E-04,0.000000E+00,0
2000,784045,3,29,4.278548E-03,0.000000E+00,0
2000,784773,3,4,5.901446E-04,0.000000E+00,0
2000,786446,3,2,2.950723E-04,0.000000E+00,0
2000,792464,3,32,4.721157E-03,0.000000E+00,0
2000,797227,3,2,2.950723E-04,0.000000E+00,0
2000,798731,3,93,1.372086E-02,0.000000E+00,0
2000,816751,3,1,1.475361E-04,0.000000E+00,0
2000,817696,3,3,4.426084E-04,0.000000E+00,0
2000,817919,3,2077,3.064326E-01,0.000000E+00,0
2000,818480,3,48,7.081735E-03,0.000000E+00,0
2000,820603,3,9,1.327825E-03,0.000000E+00,0
2000,833108,3,59,8.704633E-03,0.000000E+00,0
2000,845972,3,1084,1.599292E-01,0.000000E+00,0
2000,851607,3,1,1.475361E-04,0.000000E+00,0
2000,859833,3,469,6.919445E-02,0.000000E+00,0
2000,860255,3,22,3.245795E-03,0.000000E+00,0
2000,863363,3,5,7.376807E-04,0.000000E+00,0
2000,882962,3,77,1.136028E-02,0.000000E+00,0
2000,886317,3,1876,2.767778E-01,0.000000E+00,0
2000,886414,3,4,5.901446E-04,0.000000E+00,0
2000,894729,3,2,2.950723E-04,0.000000E+00,0
2000,900983,3,25,3.688404E-03,0.000000E+00,0
2000,904926,3,110,1.622898E-02,0.000000E+00,0
2000,909278,3,12,1.770434E-03,0.000000E+00,0
2000,914118,3,6388,9.424609E-01,0.000000E+00,0
2000,915511,3,71,1.047507E-02,0.000000E+00,0
2000,917594,3,1,1.475361E-04,-3.787117E-03,1
2000,918229,3,171,2.522868E-02,0.000000E+00,0
2000,928284,3,6,8.852169E-04,0.000000E+00,0
2000,930525,3,5,7.376807E-04,0.000000E+00,0
2000,930766,3,35,5.163765E-03,0.000000E+00,0
2000,937520,3,1,1.475361E-04,0.000000E+00,0
2000,948682,3,3742,5.520803E-01,0.000000E+00,0
2000,950517,3,5,7.376807E-04,0.000000E+00,0
2000,955299,3,945,1.394217E-01,0.000000E+00,0
2000,972601,3,51,7.524343E-03,0.000000E+00,0
2000,973556,3,5,7.376807E-04,0.000000E+00,0
2000,973895,3,16,2.360578E-03,0.000000E+00,0
2000,984412,3,37,5.458837E-03,0.000000E+00,0
2000,989957,3,10,1.475361E-03,0.000000E+00,0
2000,993435,3,1726,2.546474E-01,0.000000E+00,0
2000,997103,3,2,2.950723E-04,0.000000E+00,0
3000,4606,0,1,2.796421E-04,0.000000E+00,0
3000,6546,0,44,1.230425E-02,0.000000E+00,0
3000,6940,0,3,8.389262E-04,0.000000E+00,0
3000,7590,0,11,3.076063E-03,0.000000E+00,0
3000,20394,0,3,8.389262E-04,0.000000E+00,0
3000,46973,0,38,1.062640E-02,0.000000E+00,0
3000,75270,0,946,2.645414E-01,0.000000E+00,0
3000,90717,0,1,2.796421E-04,0.000000E+00,0
3000,91374,0,33,9.228188E-03,0.000000E+00,0
3000,94447,0,352,9.843400E-02,0.000000E+00,0
3000,102703,0,2429,6.792506E-01,0.000000E+00,0
3000,112817,0,13,3.635347E-03,0.000000E+00,0
3000,132773,0,1,2.796421E-04,2.858649E-03,3
3000,134826,0,5,1.398210E-03,0.000000E+00,0
3000,137945,0,1,2.796421E-04,0.000000E+00,0
3000,142151,0,36,1.006711E-02,0.000000E+00,0
3000,145896,0,320,8.948546E-02,0.000000E+00,0
3000,157709,0,1,2.796421E-04,0.000000E+00,0
3000,163861,0,5,1.398210E-03,0.000000E+00,0
3000,175191,0,3512,9.821029E-01,0.000000E+00,0
3000,179098,0,3357,9.387584E-01,0.000000E+00,0
3000,193778,0,2,5.592841E-04,0.000000E+00,0
3000,203815,0,564,1.577181E-01,0.000000E+00,0
3000,207126,0,60,1.677852E-02,0.000000E+00,0
3000,215975,0,1,2.796421E-04,0.000000E+00,0
3000,228807,0,1,2.796421E-04,0.000000E+00,0
3000,242336,0,819,2.290268E-01,0.000000E+00,0
3000,252728,1,2292,6.409396E-01,0.000000E+00,0
3000,253651,1,139,3.887025E-02,0.000000E+00,0
3000,262273,1,130,3.635347E-02,0.000000E+00,0
3000,262369,1,423,1.182886E-01,0.000000E+00,0
3000,269152,1,5,1.398210E-03,0.000000E+00,0
3000,274809,1,1524,4.261745E-01,0.000000E+00,0
3000,286793,1,52,1.454139E-02,0.000000E+00,0
3000,294344,1,265,7.410515E-02,0.000000E+00,0
3000,296980,1,88,2.460850E-02,0.000000E+00,0
3000,299395,1,77,2.153244E-02,0.000000E+00,0
3000,319509,1,36,1.006711E-02,0.000000E+00,0
3000,321082,1,952,2.662192E-01,0.000000E+00,0
3000,321207,1,458,1.280761E-01,0.000000E+00,0
3000,321569,1,3,8.389262E-04,0.000000E+00,0
3000,342367,1,308,8.612975E-02,0.000000E+00,0
3000,354263,1,519,1.451342E-01,0.000000E+00,0
3000,354501,1,221,6.180089E-02,0.000000E+00,0
3000,382691,1,1,2.796421E-04,0.000000E+00,0
3000,397508,1,525,1.468121E-01,0.000000E+00,0
3000,407797,1,430,1.202461E-01,0.000000E+00,0
3000,435132,1,459,1.283557E-01,0.000000E+00,0
3000,437333,1,1,2.796421E-04,0.000000E+00,0
3000,441065,1,49,1.370246E-02,0.000000E+00,0
3000,492603,1,3548,9.921700E-01,0.000000E+00,0
3000,499738,1,86,2.404922E-02,0.000000E+00,0
3000,515542,2,920,2.572707E-01,0.000000E+00,0
3000,545417,2,17,4.753915E-03,1.515400E-02,2
3000,585438,2,1,2.796421E-04,0.000000E+00,0
3000,587318,2,353,9.871365E-02,0.000000E+00,0
3000,607036,2,1,2.796421E-04,0.000000E+00,0
3000,612404,2,31,8.668904E-03,0.000000E+00,0
3000,626038,2,1,2.796421E-04,0.000000E+00,0
3000,626809,2,1,2.796421E-04,0.000000E+00,0
3000,627467,2,1885,5.271253E-01,0.000000E+00,0
3000,627951,2,1,2.796421E-04,0.000000E+00,0
3000,628538,2,1,2.796421E-04,0.000000E+00,0
3000,635404,2,1702,4.759508E-01,0.000000E+00,0
3000,646937,2,379,1.059843E-01,0.000000E+00,0
3000,653844,2,47,1.314318E-02,0.000000E+00,0
3000,653958,2,1,2.796421E-04,0.000000E+00,0
3000,658363,2,8,2.237136E-03,0.000000E+00,0
3000,665846,2,962,2.690157E-01,0.000000E+00,0
3000,679018,2,98,2.740492E-02,0.000000E+00,0
3000,689078,2,2715,7.592282E-01,0.000000E+00,0
3000,690749,2,1290,3.607383E-01,0.000000E+00,0
3000,694178,2,2,5.592841E-04,0.000000E+00,0
3000,696828,2,14,3.914989E-03,0.000000E+00,0
3000,700171,2,1,2.796421E-04,0.000000E+00,0
3000,709408,2,2895,8.095638E-01,0.000000E+00,0
3000,728732,2,2,5.592841E-04,0.000000E+00,0
3000,743492,2,8,2.237136E-03,0.000000E+00,0
3000,745334,2,1398,3.909396E-01,0.000000E+00,0
3000,764388,3,428,1.196868E-01,0.000000E+00,0
3000,770440,3,333,9.312081E-02,0.000000E+00,0
3000,775157,3,10,2.796421E-03,0.000000E+00,0
3000,788824,3,4,1.118568E-03,0.000000E+00,0
3000,803382,3,1,2.796421E-04,0.000000E+00,0
3000,817919,3,1248,3.489933E-01,0.000000E+00,0
3000,846165,3,12,3.355705E-03,0.000000E+00,0
3000,847517,3,150,4.194631E-02,0.000000E+00,0
3000,882149,3,1,2.796421E-04,0.000000E+00,0
3000,886317,3,73,2.041387E-02,0.000000E+00,0
3000,889576,3,302,8.445190E-02,0.000000E+00,0
3000,903906,3,679,1.898770E-01,0.000000E+00,0
3000,922766,3,704,1.968680E-01,0.000000E+00,0
3000,930870,3,6,1.677852E-03,0.000000E+00,0
3000,942458,3,6,1.677852E-03,0.000000E+00,0
3000,948083,3,1,2.796421E-04,0.000000E+00,0
3000,948682,3,1799,5.030761E-01,0.000000E+00,0
3000,955299,3,321,8.976510E-02,0.000000E+00,0
3000,969827,3,1,2.796421E-04,0.000000E+00,0
3000,988998,3,10,2.796421E-03,0.000000E+00,0
3000,993435,3,969,2.709732E-01,0.000000E+00,0
4000,5640,0,5,6.013952E-04,0.000000E+00,0
4000,8824,0,4,4.811162E-04,0.000000E+00,0
4000,14843,0,28,3.367813E-03,0.000000E+00,0
4000,40164,0,42,5.051720E-03,0.000000E+00,0
4000,69764,0,18,2.165023E-03,0.000000E+00,0
4000,75270,0,2347,2.822949E-01,0.000000E+00,0
4000,80330,0,22,2.646139E-03,0.000000E+00,0
4000,82780,0,800,9.622324E-02,0.000000E+00,0
4000,83793,0,25,3.006976E-03,0.000000E+00,0
4000,87766,0,377,4.534520E-02,0.000000E+00,0
4000,101500,0,11,1.323070E-03,0.000000E+00,0
4000,102703,0,4156,4.998797E-01,0.000000E+00,0
4000,113697,0,284,3.415925E-02,0.000000E+00,0
4000,114432,0,129,1.551600E-02,0.000000E+00,0
4000,145896,0,705,8.479673E-02,0.000000E+00,0
4000,153009,0,5,6.013952E-04,0.000000E+00,0
4000,177648,0,1,1.202790E-04,0.000000E+00,0
4000,179098,0,7008,8.429156E-01,0.000000E+00,0
4000,189038,0,203,2.441665E-02,0.000000E+00,0
4000,191412,0,4,4.811162E-04,0.000000E+00,0
4000,195448,0,9,1.082511E-03,0.000000E+00,0
4000,196986,0,1013,1.218427E-01,0.000000E+00,0
4000,203815,0,1001,1.203993E-01,0.000000E+00,0
4000,205822,0,111,1.335097E-02,0.000000E+00,0
4000,216578,0,6,7.216743E-04,0.000000E+00,0
4000,221367,0,2,2.405581E-04,0.000000E+00,0
4000,222901,0,91,1.094539E-02,0.000000E+00,0
4000,231526,0,2,2.405581E-04,1.419618E-02,2
4000,233020,0,168,2.020688E-02,0.000000E+00,0
4000,242336,0,52,6.254510E-03,0.000000E+00,0
4000,252728,1,3586,4.313207E-01,0.000000E+00,0
4000,253651,1,961,1.155882E-01,0.000000E+00,0
4000,254385,1,1,1.202790E-04,0.000000E+00,0
4000,256101,1,1,1.202790E-04,0.000000E+00,0
4000,262369,1,1331,1.600914E-01,0.000000E+00,0
4000,266746,1,194,2.333414E-02,0.000000E+00,0
4000,274809,1,2843,3.419533E-01,0.000000E+00,0
4000,274823,1,62,7.457301E-03,0.000000E+00,0
4000,283849,1,9,1.082511E-03,0.000000E+00,0
4000,290243,1,101,1.214818E-02,0.000000E+00,0
4000,294344,1,3333,4.008901E-01,0.000000E+00,0
4000,296980,1,224,2.694251E-02,0.000000E+00,0
4000,308533,1,31,3.728650E-03,0.000000E+00,0
4000,321082,1,2360,2.838586E-01,0.000000E+00,0
4000,321207,1,2374,2.855425E-01,0.000000E+00,0
4000,328546,1,13,1.563628E-03,0.000000E+00,0
4000,333305,1,16,1.924465E-03,0.000000E+00,0
4000,354263,1,1430,1.719990E-01,0.000000E+00,0
4000,354501,1,161,1.936493E-02,0.000000E+00,0
4000,360264,1,3,3.608371E-04,0.000000E+00,0
4000,363386,1,1,1.202790E-04,0.000000E+00,0
4000,365686,1,30,3.608371E-03,0.000000E+00,0
4000,370818,1,66,7.938417E-03,0.000000E+00,0
4000,372423,1,194,2.333414E-02,0.000000E+00,0
4000,376921,1,201,2.417609E-02,0.000000E+00,0
4000,379472,1,46,5.532836E-03,0.000000E+00,0
4000,385863,1,363,4.366129E-02,0.000000E+00,0
4000,391627,1,1,1.202790E-04,0.000000E+00,0
4000,407797,1,1657,1.993024E-01,0.000000E+00,0
4000,409381,1,30,3.608371E-03,0.000000E+00,0
4000,410724,1,1,1.202790E-04,0.000000E+00,0
4000,416826,1,54,6.495069E-03,0.000000E+00,0
4000,421897,1,181,2.177051E-02,0.000000E+00,0
4000,430450,1,10,1.202790E-03,0.000000E+00,0
4000,435132,1,1025,1.232860E-01,0.000000E+00,0
4000,438878,1,5,6.013952E-04,0.000000E+00,0
4000,459081,1,494,5.941785E-02,0.000000E+00,0
4000,465147,1,72,8.660091E-03,0.000000E+00,0
4000,482736,1,252,3.031032E-02,0.000000E+00,0
4000,492462,1,695,8.359394E-02,0.000000E+00,0
4000,499738,1,49,5.893673E-03,0.000000E+00,0
4000,501010,2,6,7.216743E-04,0.000000E+00,0
4000,511012,2,355,4.269906E-02,0.000000E+00,0
4000,515542,2,251,3.019004E-02,0.000000E+00,0
4000,533008,2,6,7.216743E-04,0.000000E+00,0
4000,538476,2,6,7.216743E-04,0.000000E+00,0
4000,539323,2,23,2.766418E-03,0.000000E+00,0
4000,539589,2,28,3.367813E-03,0.000000E+00,0
4000,552803,2,21,2.525860E-03,0.000000E+00,0
4000,554690,2,299,3.596344E-02,0.000000E+00,0
4000,562071,2,250,3.006976E-02,0.000000E+00,0
4000,569410,2,41,4.931441E-03,0.000000E+00,0
4000,570408,2,3,3.608371E-04,0.000000E+00,0
4000,579274,2,61,7.337022E-03,0.000000E+00,0
4000,582663,2,28,3.367813E-03,-6.117048E-03,1
4000,582667,2,44,5.292278E-03,0.000000E+00,0
4000,587318,2,232,2.790474E-02,0.000000E+00,0
4000,588247,2,3,3.608371E-04,0.000000E+00,0
4000,590122,2,4,4.811162E-04,0.000000E+00,0
4000,595104,2,3,3.608371E-04,0.000000E+00,0
4000,601260,2,34,4.089488E-03,0.000000E+00,0
4000,609261,2,77,9.261487E-03,0.000000E+00,0
4000,610641,2,31,3.728650E-03,0.000000E+00,0
4000,623380,2,1,1.202790E-04,0.000000E+00,0
4000,627467,2,1555,1.870339E-01,0.000000E+00,0
4000,635404,2,5345,6.428915E-01,0.000000E+00,0
4000,635822,2,1,1.202790E-04,0.000000E+00,0
4000,646937,2,3705,4.456339E-01,0.000000E+00,0
4000,651240,2,41,4.931441E-03,0.000000E+00,0
4000,654863,2,1,1.202790E-04,0.000000E+00,0
4000,665846,2,1006,1.210007E-01,0.000000E+00,0
4000,671766,2,5,6.013952E-04,0.000000E+00,0
4000,683249,2,6,7.216743E-04,0.000000E+00,0
4000,689078,2,4600,5.532836E-01,0.000000E+00,0
4000,690749,2,5082,6.112581E-01,0.000000E+00,0
4000,704756,2,1,1.202790E-04,0.000000E+00,0
4000,709408,2,7637,9.185711E-01,0.000000E+00,0
4000,711452,2,39,4.690883E-03,0.000000E+00,0
4000,719524,2,37,4.450325E-03,0.000000E+00,0
4000,722514,2,3392,4.079865E-01,1.834913E-02,3
4000,745334,2,3490,4.197739E-01,0.000000E+00,0
4000,745904,2,7,8.419533E-04,0.000000E+00,0
4000,765635,3,47,5.653115E-03,0.000000E+00,0
4000,775142,3,2,2.405581E-04,0.000000E+00,0
4000,779530,3,6,7.216743E-04,0.000000E+00,0
4000,795245,3,1,1.202790E-04,0.000000E+00,0
4000,798819,3,22,2.646139E-03,0.000000E+00,0
4000,817919,3,4193,5.043300E-01,0.000000E+00,0
4000,839600,3,8,9.622324E-04,0.000000E+00,0
4000,841367,3,56,6.735627E-03,0.000000E+00,0
4000,842667,3,13,1.563628E-03,0.000000E+00,0
4000,853435,3,28,3.367813E-03,0.000000E+00,0
4000,870866,3,1,1.202790E-04,0.000000E+00,0
4000,889576,3,802,9.646380E-02,0.000000E+00,0
4000,903906,3,382,4.594660E-02,0.000000E+00,0
4000,910310,3,19,2.285302E-03,0.000000E+00,0
4000,922766,3,3088,3.714217E-01,0.000000E+00,0
4000,927346,3,1,1.202790E-04,3.933278E-04,3
4000,938402,3,15,1.804186E-03,0.000000E+00,0
4000,948682,3,3734,4.491220E-01,0.000000E+00,0
4000,951344,3,336,4.041376E-02,1.921932E-03,2
4000,953424,3,3,3.608371E-04,0.000000E+00,0
4000,955299,3,1025,1.232860E-01,0.000000E+00,0
4000,961048,3,2,2.405581E-04,0.000000E+00,0
4000,975778,3,1,1.202790E-04,0.000000E+00,0
4000,984792,3,1,1.202790E-04,0.000000E+00,0
4000,990881,3,109,1.311042E-02,0.000000E+00,0
4000,993435,3,4251,5.113062E-01,0.000000E+00,0
5000,12851,0,11,1.762256E-03,0.000000E+00,0
5000,32589,0,11,1.762256E-03,0.000000E+00,0
5000,36442,0,581,9.307914E-02,0.000000E+00,0
5000,61792,0,71,1.137456E-02,0.000000E+00,0
5000,72507,0,8,1.281640E-03,0.000000E+00,0
5000,75270,0,1871,2.997437E-01,0.000000E+00,0
5000,82780,0,278,4.453701E-02,0.000000E+00,0
5000,87766,0,849,1.360141E-01,0.000000E+00,0
5000,94943,0,46,7.369433E-03,0.000000E+00,0
5000,100920,0,13,2.082666E-03,0.000000E+00,0
5000,102703,0,2219,3.554950E-01,0.000000E+00,0
5000,105641,0,197,3.156040E-02,0.000000E+00,0
5000,115813,0,7,1.121435E-03,0.000000E+00,0
5000,118411,0,151,2.419096E-02,0.000000E+00,0
5000,119202,0,11,1.762256E-03,0.000000E+00,0
5000,128285,0,18,2.883691E-03,0.000000E+00,0
5000,145896,0,254,4.069209E-02,0.000000E+00,0
5000,164270,0,173,2.771548E-02,0.000000E+00,0
5000,165786,0,16,2.563281E-03,0.000000E+00,0
5000,171220,0,499,7.994233E-02,0.000000E+00,0
5000,171508,0,26,4.165332E-03,0.000000E+00,0
5000,174305,0,33,5.286767E-03,0.000000E+00,0
5000,179098,0,5175,8.290612E-01,0.000000E+00,0
5000,190251,0,77,1.233579E-02,0.000000E+00,0
5000,190270,0,33,5.286767E-03,0.000000E+00,0
5000,196986,0,1011,1.619673E-01,0.000000E+00,0
5000,198786,0,2,3.204101E-04,0.000000E+00,0
5000,203815,0,504,8.074335E-02,0.000000E+00,0
5000,205822,0,230,3.684716E-02,0.000000E+00,0
5000,233020,0,445,7.129125E-02,0.000000E+00,0
5000,252728,1,1962,3.143223E-01,0.000000E+00,0
5000,253651,1,1384,2.217238E-01,0.000000E+00,0
5000,262369,1,2619,4.195771E-01,0.000000E+00,0
5000,271270,1,100,1.602051E-02,7.742052E-03,2
5000,273611,1,24,3.844921E-03,0.000000E+00,0
5000,274809,1,1495,2.395066E-01,0.000000E+00,0
5000,294344,1,1137,1.821532E-01,0.000000E+00,0
5000,296950,1,35,5.607177E-03,0.000000E+00,0
5000,302204,1,1,1.602051E-04,0.000000E+00,0
5000,302734,1,5,8.010253E-04,0.000000E+00,0
5000,308939,1,281,4.501762E-02,0.000000E+00,0
5000,321082,1,901,1.443448E-01,0.000000E+00,0
5000,321207,1,1888,3.024672E-01,0.000000E+00,0
5000,327322,1,32,5.126562E-03,0.000000E+00,0
5000,328941,1,11,1.762256E-03,0.000000E+00,0
5000,334139,1,32,5.126562E-03,8.732893E-03,3
5000,338211,1,250,4.005127E-02,0.000000E+00,0
5000,353570,1,1,1.602051E-04,0.000000E+00,0
5000,354263,1,856,1.371355E-01,0.000000E+00,0
5000,368925,1,41,6.568408E-03,0.000000E+00,0
5000,372404,1,190,3.043896E-02,0.000000E+00,0
5000,385863,1,577,9.243832E-02,0.000000E+00,0
5000,388000,1,11,1.762256E-03,0.000000E+00,0
5000,396138,1,49,7.850048E-03,0.000000E+00,0
5000,402697,1,94,1.505928E-02,0.000000E+00,0
5000,407797,1,1061,1.699776E-01,0.000000E+00,0
5000,422456,1,3,4.806152E-04,0.000000E+00,0
5000,435132,1,222,3.556552E-02,0.000000E+00,0
5000,447796,1,2,3.204101E-04,0.000000E+00,0
5000,451294,1,75,1.201538E-02,0.000000E+00,0
5000,457841,1,22,3.524511E-03,0.000000E+00,0
5000,458203,1,297,4.758090E-02,0.000000E+00,0
5000,459081,1,189,3.027876E-02,0.000000E+00,0
5000,462210,1,7,1.121435E-03,0.000000E+00,0
5000,462723,1,376,6.023710E-02,0.000000E+00,0
5000,478385,1,1,1.602051E-04,0.000000E+00,0
5000,486398,1,6,9.612304E-04,0.000000E+00,0
5000,487370,1,7,1.121435E-03,0.000000E+00,0
5000,511012,2,245,3.925024E-02,0.000000E+00,0
5000,515542,2,544,8.715155E-02,0.000000E+00,0
5000,519183,2,12,1.922461E-03,0.000000E+00,0
5000,519662,2,6,9.612304E-04,0.000000E+00,0
5000,527169,2,348,5.575136E-02,0.000000E+00,0
5000,533539,2,5,8.010253E-04,0.000000E+00,0
5000,539323,2,32,5.126562E-03,0.000000E+00,0
5000,539831,2,58,9.291894E-03,0.000000E+00,0
5000,541889,2,7,1.121435E-03,0.000000E+00,0
5000,545689,2,35,5.607177E-03,0.000000E+00,0
5000,554546,2,3,4.806152E-04,0.000000E+00,0
5000,559404,2,1,1.602051E-04,2.289303E-03,3
5000,590476,2,5,8.010253E-04,0.000000E+00,0
5000,603410,2,19,3.043896E-03,0.000000E+00,0
5000,617841,2,1,1.602051E-04,0.000000E+00,0
5000,627467,2,2406,3.854534E-01,0.000000E+00,0
5000,635272,2,24,3.844921E-03,0.000000E+00,0
5000,635404,2,3124,5.004806E-01,0.000000E+00,0
5000,642439,2,1,1.602051E-04,-3.086700E-02,1
5000,642987,2,1,1.602051E-04,0.000000E+00,0
5000,643034,2,7,1.121435E-03,0.000000E+00,0
5000,646937,2,2961,4.743672E-01,0.000000E+00,0
5000,649376,2,1,1.602051E-04,0.000000E+00,0
5000,651240,2,1113,1.783082E-01,0.000000E+00,0
5000,652953,2,1,1.602051E-04,0.000000E+00,0
5000,665846,2,719,1.151874E-01,0.000000E+00,0
5000,672686,2,41,6.568408E-03,0.000000E+00,0
5000,679438,2,18,2.883691E-03,0.000000E+00,0
5000,680286,2,1,1.602051E-04,0.000000E+00,0
5000,689078,2,3011,4.823774E-01,0.000000E+00,0
5000,690749,2,5243,8.399551E-01,0.000000E+00,0
5000,691577,2,10,1.602051E-03,0.000000E+00,0
5000,698977,2,5,8.010253E-04,0.000000E+00,0
5000,703420,2,10,1.602051E-03,0.000000E+00,0
5000,709408,2,6145,9.844601E-01,0.000000E+00,0
5000,711834,2,9,1.441846E-03,0.000000E+00,0
5000,712710,2,61,9.772509E-03,0.000000E+00,0
5000,715073,2,205,3.284204E-02,0.000000E+00,0
5000,722514,2,2305,3.692727E-01,1.834913E-02,3
5000,732778,2,181,2.899712E-02,0.000000E+00,0
5000,745334,2,3130,5.014418E-01,0.000000E+00,0
5000,746674,2,547,8.763217E-02,0.000000E+00,0
5000,749614,2,2,3.204101E-04,0.000000E+00,0
5000,749638,2,9,1.441846E-03,0.000000E+00,0
5000,761626,3,87,1.393784E-02,0.000000E+00,0
5000,766441,3,5,8.010253E-04,0.000000E+00,0
5000,777838,3,30,4.806152E-03,0.000000E+00,0
5000,778447,3,320,5.126562E-02,0.000000E+00,0
5000,785470,3,232,3.716757E-02,0.000000E+00,0
5000,794314,3,3,4.806152E-04,0.000000E+00,0
5000,816762,3,218,3.492470E-02,0.000000E+00,0
5000,817919,3,2389,3.827299E-01,0.000000E+00,0
5000,821369,3,11,1.762256E-03,0.000000E+00,0
5000,828536,3,15,2.403076E-03,0.000000E+00,0
5000,845247,3,25,4.005127E-03,0.000000E+00,0
5000,851018,3,7,1.121435E-03,0.000000E+00,0
5000,857061,3,1,1.602051E-04,0.000000E+00,0
5000,859843,3,1,1.602051E-04,0.000000E+00,0
5000,864550,3,174,2.787568E-02,0.000000E+00,0
5000,879983,3,10,1.602051E-03,0.000000E+00,0
5000,887955,3,1,1.602051E-04,0.000000E+00,0
5000,889576,3,196,3.140019E-02,0.000000E+00,0
5000,904190,3,9,1.441846E-03,0.000000E+00,0
5000,912241,3,3,4.806152E-04,0.000000E+00,0
5000,922766,3,1819,2.914130E-01,0.000000E+00,0
5000,932502,3,545,8.731176E-02,0.000000E+00,0
5000,940000,3,506,8.106376E-02,0.000000E+00,0
5000,945605,3,4,6.408202E-04,0.000000E+00,0
5000,948682,3,3088,4.947132E-01,0.000000E+00,0
5000,951344,3,2188,3.505287E-01,1.921932E-03,2
5000,955299,3,724,1.159885E-01,0.000000E+00,0
5000,966847,3,64,1.025312E-02,0.000000E+00,0
5000,972460,3,11,1.762256E-03,0.000000E+00,0
5000,978642,3,48,7.689843E-03,0.000000E+00,0
5000,993162,3,166,2.659404E-02,0.000000E+00,0
5000,993435,3,3320,5.318808E-01,0.000000E+00,0
5000,996931,3,1,1.602051E-04,0.000000E+00,0
5000,998911,3,8,1.281640E-03,0.000000E+00,0
6000,1281,0,77,9.836484E-03,0.000000E+00,0
6000,6887,0,8,1.021972E-03,0.000000E+00,0
6000,10403,0,1,1.277466E-04,0.000000E+00,0
6000,21098,0,331,4.228411E-02,0.000000E+00,0
6000,21746,0,89,1.136944E-02,0.000000E+00,0
6000,32024,0,2,2.554931E-04,0.000000E+00,0
6000,35599,0,84,1.073071E-02,0.000000E+00,0
6000,37344,0,110,1.405212E-02,0.000000E+00,0
6000,37521,0,60,7.664793E-03,0.000000E+00,0
6000,47981,0,22,2.810424E-03,0.000000E+00,0
6000,48108,0,106,1.354113E-02,0.000000E+00,0
6000,51746,0,1,1.277466E-04,0.000000E+00,0
6000,56106,0,1,1.277466E-04,0.000000E+00,0
6000,69265,0,51,6.515074E-03,0.000000E+00,0
6000,69280,0,5,6.387328E-04,0.000000E+00,0
6000,75270,0,3611,4.612928E-01,0.000000E+00,0
6000,75776,0,106,1.354113E-02,0.000000E+00,0
6000,76004,0,85,1.085846E-02,0.000000E+00,0
6000,77615,0,1,1.277466E-04,0.000000E+00,0
6000,82780,0,1387,1.771845E-01,0.000000E+00,0
6000,87766,0,2661,3.399336E-01,0.000000E+00,0
6000,90279,0,20,2.554931E-03,0.000000E+00,0
6000,94943,0,198,2.529382E-02,0.000000E+00,0
6000,102665,0,5,6.387328E-04,0.000000E+00,0
6000,102703,0,1509,1.927695E-01,0.000000E+00,0
6000,103572,0,24,3.065917E-03,0.000000E+00,0
6000,105641,0,342,4.368932E-02,0.000000E+00,0
6000,115119,0,3,3.832397E-04,0.000000E+00,0
6000,116753,0,30,3.832397E-03,0.000000E+00,0
6000,128998,0,112,1.430761E-02,0.000000E+00,0
6000,129928,0,9,1.149719E-03,0.000000E+00,0
6000,137529,0,67,8.559019E-03,0.000000E+00,0
6000,145896,0,303,3.870720E-02,0.000000E+00,0
6000,147247,0,8,1.021972E-03,0.000000E+00,0
6000,162297,0,4,5.109862E-04,0.000000E+00,0
6000,162625,0,310,3.960143E-02,0.000000E+00,0
6000,166389,0,1,1.277466E-04,0.000000E+00,0
6000,168316,0,371,4.739397E-02,0.000000E+00,0
6000,179098,0,6722,8.587123E-01,0.000000E+00,0
6000,183862,0,1,1.277466E-04,0.000000E+00,0
6000,185979,0,10,1.277466E-03,0.000000E+00,0
6000,187776,0,34,4.343383E-03,0.000000E+00,0
6000,196332,0,1110,1.417987E-01,0.000000E+00,0
6000,196986,0,937,1.196985E-01,0.000000E+00,0
6000,203815,0,946,1.208482E-01,0.000000E+00,0
6000,205822,0,1476,1.885539E-01,0.000000E+00,0
6000,218284,0,1,1.277466E-04,0.000000E+00,0
6000,233020,0,1417,1.810169E-01,0.000000E+00,0
6000,238617,0,15,1.916198E-03,1.470834E-02,3
6000,252728,1,3844,4.910577E-01,0.000000E+00,0
6000,253651,1,999,1.276188E-01,0.000000E+00,0
6000,262369,1,7742,9.890138E-01,0.000000E+00,0
6000,264975,1,7,8.942259E-04,0.000000E+00,0
6000,269140,1,12,1.532959E-03,0.000000E+00,0
6000,269641,1,1264,1.614716E-01,0.000000E+00,0
6000,274809,1,493,6.297905E-02,0.000000E+00,0
6000,294344,1,243,3.104241E-02,0.000000E+00,0
6000,298514,1,2,2.554931E-04,0.000000E+00,0
6000,306730,1,403,5.148186E-02,0.000000E+00,0
6000,313770,1,28,3.576903E-03,0.000000E+00,0
6000,315017,1,291,3.717425E-02,0.000000E+00,0
6000,316545,1,1,1.277466E-04,0.000000E+00,0
6000,321082,1,897,1.145887E-01,0.000000E+00,0
6000,321207,1,1505,1.922586E-01,0.000000E+00,0
6000,323319,1,3,3.832397E-04,0.000000E+00,0
6000,333841,1,8,1.021972E-03,0.000000E+00,0
6000,342705,1,70,8.942259E-03,0.000000E+00,0
6000,346671,1,574,7.332652E-02,0.000000E+00,0
6000,350158,1,3,3.832397E-04,0.000000E+00,0
6000,354263,1,1147,1.465253E-01,0.000000E+00,0
6000,374126,1,1,1.277466E-04,0.000000E+00,0
6000,387304,1,10,1.277466E-03,0.000000E+00,0
6000,392219,1,25,3.193664E-03,0.000000E+00,0
6000,397454,1,28,3.576903E-03,0.000000E+00,0
6000,400526,1,2,2.554931E-04,0.000000E+00,0
6000,407797,1,1911,2.441237E-01,0.000000E+00,0
6000,418305,1,13,1.660705E-03,0.000000E+00,0
6000,435132,1,306,3.909044E-02,0.000000E+00,0
6000,437546,1,145,1.852325E-02,0.000000E+00,0
6000,441316,1,151,1.928973E-02,0.000000E+00,0
6000,442849,1,25,3.193664E-03,0.000000E+00,0
6000,444008,1,83,1.060296E-02,0.000000E+00,0
6000,444137,1,1,1.277466E-04,0.000000E+00,0
6000,458042,1,1,1.277466E-04,0.000000E+00,0
6000,481078,1,1,1.277466E-04,0.000000E+00,0
6000,491582,1,8,1.021972E-03,5.789406E-03,2
6000,511012,2,366,4.675524E-02,0.000000E+00,0
6000,515542,2,263,3.359734E-02,0.000000E+00,0
6000,527058,2,108,1.379663E-02,0.000000E+00,0
6000,548316,2,149,1.903424E-02,0.000000E+00,0
6000,559404,2,647,8.265202E-02,2.289303E-03,3
6000,565611,2,2,2.554931E-04,0.000000E+00,0
6000,566800,2,14,1.788452E-03,0.000000E+00,0
6000,576411,2,22,2.810424E-03,0.000000E+00,0
6000,583918,2,44,5.620848E-03,0.000000E+00,0
6000,586871,2,4,5.109862E-04,0.000000E+00,0
6000,589421,2,2,2.554931E-04,0.000000E+00,0
6000,596713,2,324,4.138988E-02,0.000000E+00,0
6000,598004,2,60,7.664793E-03,0.000000E+00,0
6000,627467,2,3540,4.522228E-01,0.000000E+00,0
6000,630369,2,4,5.109862E-04,0.000000E+00,0
6000,635404,2,2615,3.340572E-01,0.000000E+00,0
6000,644520,2,10,1.277466E-03,0.000000E+00,0
6000,646937,2,1465,1.871487E-01,0.000000E+00,0
6000,649113,2,8,1.021972E-03,0.000000E+00,0
6000,651240,2,1230,1.571283E-01,0.000000E+00,0
6000,654298,2,3,3.832397E-04,0.000000E+00,0
6000,659503,2,2,2.554931E-04,-1.999199E-03,1
6000,661552,2,3,3.832397E-04,0.000000E+00,0
6000,665846,2,269,3.436382E-02,0.000000E+00,0
6000,689078,2,5118,6.538068E-01,0.000000E+00,0
6000,690749,2,4895,6.253194E-01,0.000000E+00,0
6000,696998,2,1,1.277466E-04,0.000000E+00,0
6000,712710,2,459,5.863567E-02,0.000000E+00,0
6000,712965,2,12,1.532959E-03,0.000000E+00,0
6000,715073,2,1036,1.323454E-01,0.000000E+00,0
6000,722514,2,3776,4.823710E-01,1.834913E-02,3
6000,729900,2,54,6.898314E-03,0.000000E+00,0
6000,732778,2,670,8.559019E-02,0.000000E+00,0
6000,745334,2,4347,5.553143E-01,0.000000E+00,0
6000,746674,2,335,4.279509E-02,0.000000E+00,0
6000,751575,3,3,3.832397E-04,0.000000E+00,0
6000,755084,3,1,1.277466E-04,0.000000E+00,0
6000,756703,3,3,3.832397E-04,0.000000E+00,0
6000,757345,3,32,4.087890E-03,0.000000E+00,0
6000,765024,3,1,1.277466E-04,0.000000E+00,0
6000,771975,3,9,1.149719E-03,0.000000E+00,0
6000,778447,3,667,8.520695E-02,0.000000E+00,0
6000,785470,3,29,3.704650E-03,0.000000E+00,0
6000,794368,3,3,3.832397E-04,0.000000E+00,0
6000,797791,3,1,1.277466E-04,0.000000E+00,0
6000,800787,3,525,6.706694E-02,0.000000E+00,0
6000,805707,3,1006,1.285130E-01,0.000000E+00,0
6000,817919,3,4123,5.266990E-01,0.000000E+00,0
6000,821223,3,1,1.277466E-04,0.000000E+00,0
6000,829398,3,194,2.478283E-02,0.000000E+00,0
6000,838599,3,116,1.481860E-02,0.000000E+00,0
6000,861983,3,1,1.277466E-04,0.000000E+00,0
6000,864550,3,105,1.341339E-02,0.000000E+00,0
6000,871895,3,1,1.277466E-04,0.000000E+00,0
6000,873615,3,41,5.237609E-03,0.000000E+00,0
6000,876747,3,59,7.537046E-03,0.000000E+00,0
6000,879874,3,105,1.341339E-02,0.000000E+00,0
6000,889712,3,153,1.954522E-02,0.000000E+00,0
6000,889765,3,8,1.021972E-03,0.000000E+00,0
6000,918292,3,28,3.576903E-03,0.000000E+00,0
6000,922766,3,4351,5.558252E-01,0.000000E+00,0
6000,928795,3,20,2.554931E-03,0.000000E+00,0
6000,932502,3,1803,2.303270E-01,0.000000E+00,0
6000,934176,3,25,3.193664E-03,0.000000E+00,0
6000,940000,3,611,7.805314E-02,0.000000E+00,0
6000,948682,3,2689,3.435105E-01,0.000000E+00,0
6000,951344,3,5236,6.688809E-01,1.921932E-03,2
6000,951733,3,2,2.554931E-04,0.000000E+00,0
6000,952672,3,1,1.277466E-04,0.000000E+00,0
6000,966137,3,76,9.708738E-03,0.000000E+00,0
6000,966847,3,412,5.263158E-02,0.000000E+00,0
6000,971416,3,4,5.109862E-04,0.000000E+00,0
6000,972324,3,22,2.810424E-03,0.000000E+00,0
6000,983580,3,61,7.792540E-03,0.000000E+00,0
6000,986186,3,3,3.832397E-04,0.000000E+00,0
6000,993435,3,1463,1.868932E-01,0.000000E+00,0
7000,7780,0,1458,1.865404E-01,0.000000E+00,0
7000,11907,0,1,1.279427E-04,0.000000E+00,0
7000,15031,0,1,1.279427E-04,0.000000E+00,0
7000,18345,0,1,1.279427E-04,0.000000E+00,0
7000,21098,0,7,8.955988E-04,0.000000E+00,0
7000,21146,0,5,6.397134E-04,0.000000E+00,0
7000,21746,0,785,1.004350E-01,0.000000E+00,0
7000,33814,0,2,2.558854E-04,0.000000E+00,0
7000,40275,0,1,1.279427E-04,0.000000E+00,0
7000,43764,0,3,3.838280E-04,0.000000E+00,0
7000,54913,0,2,2.558854E-04,0.000000E+00,0
7000,59549,0,183,2.341351E-02,0.000000E+00,0
7000,75270,0,1434,1.834698E-01,0.000000E+00,0
7000,82780,0,1647,2.107216E-01,0.000000E+00,0
7000,82932,0,43,5.501535E-03,0.000000E+00,0
7000,83154,0,39,4.989765E-03,-3.323096E-03,1
7000,87766,0,6209,7.943961E-01,0.000000E+00,0
7000,102008,0,14,1.791198E-03,0.000000E+00,0
7000,102703,0,1686,2.157114E-01,0.000000E+00,0
7000,116244,0,71,9.083930E-03,0.000000E+00,0
7000,121038,0,17,2.175026E-03,0.000000E+00,0
7000,152429,0,18,2.302968E-03,0.000000E+00,0
7000,160982,0,2,2.558854E-04,0.000000E+00,0
7000,162625,0,351,4.490788E-02,0.000000E+00,0
7000,168316,0,68,8.700102E-03,0.000000E+00,0
7000,179098,0,6951,8.893296E-01,0.000000E+00,0
7000,194863,0,79,1.010747E-02,0.000000E+00,0
7000,196332,0,1302,1.665814E-01,0.000000E+00,0
7000,203815,0,3082,3.943193E-01,0.000000E+00,0
7000,205822,0,926,1.184749E-01,0.000000E+00,0
7000,208717,0,28,3.582395E-03,0.000000E+00,0
7000,209267,0,187,2.392528E-02,0.000000E+00,0
7000,216407,0,1318,1.686285E-01,0.000000E+00,0
7000,233020,0,64,8.188332E-03,0.000000E+00,0
7000,244222,0,24,3.070624E-03,0.000000E+00,0
7000,248796,0,63,8.060389E-03,0.000000E+00,0
7000,250943,1,6,7.676561E-04,0.000000E+00,0
7000,252728,1,5728,7.328557E-01,0.000000E+00,0
7000,253651,1,656,8.393040E-02,0.000000E+00,0
7000,267043,1,4184,5.353122E-01,2.121757E-02,3
7000,268763,1,4,5.117707E-04,0.000000E+00,0
7000,269243,1,6,7.676561E-04,0.000000E+00,0
7000,269641,1,802,1.026100E-01,0.000000E+00,0
7000,274809,1,266,3.403275E-02,0.000000E+00,0
7000,284585,1,5,6.397134E-04,0.000000E+00,0
7000,300890,1,1,1.279427E-04,0.000000E+00,0
7000,301909,1,64,8.188332E-03,0.000000E+00,0
7000,308386,1,48,6.141249E-03,0.000000E+00,0
7000,321082,1,1059,1.354913E-01,0.000000E+00,0
7000,321207,1,2268,2.901740E-01,0.000000E+00,0
7000,330359,1,22,2.814739E-03,0.000000E+00,0
7000,335899,1,75,9.595701E-03,0.000000E+00,0
7000,345995,1,42,5.373593E-03,0.000000E+00,0
7000,352975,1,296,3.787103E-02,0.000000E+00,0
7000,354263,1,2496,3.193449E-01,0.000000E+00,0
7000,360757,1,4,5.117707E-04,0.000000E+00,0
7000,377000,1,1,1.279427E-04,0.000000E+00,0
7000,381767,1,2,2.558854E-04,0.000000E+00,0
7000,406975,1,14,1.791198E-03,0.000000E+00,0
7000,407797,1,525,6.716991E-02,0.000000E+00,0
7000,412814,1,184,2.354145E-02,0.000000E+00,0
7000,415879,1,1,1.279427E-04,0.000000E+00,0
7000,423507,1,18,2.302968E-03,0.000000E+00,0
7000,430551,1,1,1.279427E-04,0.000000E+00,0
7000,437546,1,103,1.317810E-02,0.000000E+00,0
7000,463296,1,1,1.279427E-04,0.000000E+00,0
7000,471827,1,3,3.838280E-04,0.000000E+00,0
7000,511012,2,12,1.535312E-03,0.000000E+00,0
7000,516242,2,122,1.560901E-02,0.000000E+00,0
7000,522785,2,3,3.838280E-04,0.000000E+00,0
7000,527058,2,647,8.277892E-02,0.000000E+00,0
7000,534159,2,16,2.047083E-03,0.000000E+00,0
7000,535037,2,1,1.279427E-04,0.000000E+00,0
7000,539758,2,3,3.838280E-04,0.000000E+00,0
7000,569325,2,17,2.175026E-03,0.000000E+00,0
7000,583918,2,622,7.958035E-02,0.000000E+00,0
7000,584158,2,28,3.582395E-03,0.000000E+00,0
7000,587981,2,2,2.558854E-04,0.000000E+00,0
7000,594420,2,6,7.676561E-04,0.000000E+00,0
7000,603710,2,2,2.558854E-04,0.000000E+00,0
7000,611579,2,10,1.279427E-03,0.000000E+00,0
7000,627467,2,4875,6.237206E-01,0.000000E+00,0
7000,635404,2,3609,4.617451E-01,0.000000E+00,0
7000,645047,2,1,1.279427E-04,0.000000E+00,0
7000,646937,2,1662,2.126407E-01,0.000000E+00,0
7000,650846,2,31,3.966223E-03,0.000000E+00,0
7000,651240,2,626,8.009212E-02,0.000000E+00,0
7000,660526,2,3,3.838280E-04,0.000000E+00,0
7000,666800,2,19,2.430911E-03,0.000000E+00,0
7000,667770,2,9,1.151484E-03,0.000000E+00,0
7000,673485,2,72,9.211873E-03,0.000000E+00,0
7000,684134,2,28,3.582395E-03,0.000000E+00,0
7000,689078,2,5282,6.757932E-01,0.000000E+00,0
7000,690749,2,4785,6.122057E-01,0.000000E+00,0
7000,712487,2,2,2.558854E-04,0.000000E+00,0
7000,712710,2,1355,1.733623E-01,0.000000E+00,0
7000,715073,2,1151,1.472620E-01,0.000000E+00,0
7000,722514,2,3878,4.961617E-01,1.834913E-02,3
7000,723548,2,116,1.484135E-02,0.000000E+00,0
7000,724273,2,12,1.535312E-03,0.000000E+00,0
7000,732778,2,497,6.358751E-02,0.000000E+00,0
7000,745334,2,4200,5.373593E-01,0.000000E+00,0
7000,746674,2,205,2.622825E-02,0.000000E+00,0
7000,754481,3,137,1.752815E-02,0.000000E+00,0
7000,766232,3,754,9.646878E-02,0.000000E+00,0
7000,772709,3,246,3.147390E-02,0.000000E+00,0
7000,774124,3,1,1.279427E-04,0.000000E+00,0
7000,777164,3,5,6.397134E-04,0.000000E+00,0
7000,778447,3,1289,1.649181E-01,0.000000E+00,0
7000,782878,3,503,6.435517E-02,0.000000E+00,0
7000,800787,3,426,5.450358E-02,0.000000E+00,0
7000,802289,3,1,1.279427E-04,0.000000E+00,0
7000,805707,3,1881,2.406602E-01,0.000000E+00,0
7000,806299,3,1,1.279427E-04,0.000000E+00,0
7000,808760,3,125,1.599284E-02,0.000000E+00,0
7000,812326,3,310,3.966223E-02,0.000000E+00,0
7000,817919,3,4268,5.460594E-01,0.000000E+00,0
7000,830002,3,10,1.279427E-03,0.000000E+00,0
7000,845247,3,110,1.407369E-02,0.000000E+00,0
7000,861017,3,13,1.663255E-03,0.000000E+00,0
7000,861149,3,870,1.113101E-01,0.000000E+00,0
7000,866226,3,1,1.279427E-04,0.000000E+00,0
7000,870154,3,301,3.851075E-02,0.000000E+00,0
7000,877195,3,93,1.189867E-02,0.000000E+00,0
7000,884921,3,1,1.279427E-04,0.000000E+00,0
7000,892134,3,4,5.117707E-04,0.000000E+00,0
7000,902077,3,3,3.838280E-04,0.000000E+00,0
7000,906765,3,3,3.838280E-04,0.000000E+00,0
7000,917583,3,75,9.595701E-03,0.000000E+00,0
7000,919982,3,1,1.279427E-04,0.000000E+00,0
7000,922766,3,5408,6.919140E-01,0.000000E+00,0
7000,932502,3,1251,1.600563E-01,0.000000E+00,0
7000,941424,3,96,1.228250E-02,0.000000E+00,0
7000,948682,3,492,6.294780E-02,0.000000E+00,0
7000,951344,3,7763,9.932190E-01,1.921932E-03,2
7000,964426,3,1,1.279427E-04,0.000000E+00,0
7000,966847,3,1644,2.103378E-01,0.000000E+00,0
7000,993435,3,153,1.957523E-02,0.000000E+00,0
7000,996040,3,11,1.407369E-03,0.000000E+00,0
8000,2480,0,555,7.594417E-02,0.000000E+00,0
8000,7547,0,52,7.115490E-03,0.000000E+00,0
8000,7780,0,173,2.367269E-02,0.000000E+00,0
8000,17724,0,2,2.736727E-04,0.000000E+00,0
8000,23855,0,2,2.736727E-04,0.000000E+00,0
8000,28693,0,40,5.473454E-03,0.000000E+00,0
8000,59252,0,6,8.210181E-04,0.000000E+00,0
8000,59549,0,373,5.103996E-02,0.000000E+00,0
8000,62003,0,7,9.578544E-04,0.000000E+00,0
8000,75270,0,1978,2.706623E-01,0.000000E+00,0
8000,77601,0,405,5.541872E-02,0.000000E+00,0
8000,82780,0,471,6.444992E-02,0.000000E+00,0
8000,87766,0,6140,8.401752E-01,0.000000E+00,0
8000,89966,0,1,1.368363E-04,0.000000E+00,0
8000,91534,0,4,5.473454E-04,0.000000E+00,0
8000,91594,0,1,1.368363E-04,0.000000E+00,0
8000,98537,0,13,1.778872E-03,0.000000E+00,0
8000,102703,0,341,4.666119E-02,0.000000E+00,0
8000,104164,0,34,4.652436E-03,0.000000E+00,0
8000,104951,0,1,1.368363E-04,0.000000E+00,0
8000,116810,0,1,1.368363E-04,0.000000E+00,0
8000,118028,0,32,4.378763E-03,0.000000E+00,0
8000,124071,0,19,2.599891E-03,0.000000E+00,0
8000,131159,0,178,2.435687E-02,0.000000E+00,0
8000,149298,0,1,1.368363E-04,0.000000E+00,0
8000,162625,0,1088,1.488779E-01,0.000000E+00,0
8000,177693,0,4,5.473454E-04,0.000000E+00,0
8000,179098,0,6357,8.698686E-01,0.000000E+00,0
8000,196332,0,502,6.869184E-02,0.000000E+00,0
8000,203815,0,2943,4.027094E-01,0.000000E+00,0
8000,205822,0,1046,1.431308E-01,0.000000E+00,0
8000,206887,0,24,3.284072E-03,0.000000E+00,0
8000,216407,0,272,3.721949E-02,0.000000E+00,0
8000,234430,0,11,1.505200E-03,0.000000E+00,0
8000,236386,0,49,6.704981E-03,0.000000E+00,0
8000,251263,1,4,5.473454E-04,0.000000E+00,0
8000,252728,1,5453,7.461686E-01,0.000000E+00,0
8000,253651,1,61,8.347017E-03,0.000000E+00,0
8000,255073,1,2,2.736727E-04,0.000000E+00,0
8000,266708,1,1,1.368363E-04,0.000000E+00,0
8000,267043,1,3384,4.630542E-01,2.121757E-02,3
8000,269641,1,1482,2.027915E-01,0.000000E+00,0
8000,272137,1,41,5.610290E-03,0.000000E+00,0
8000,275011,1,513,7.019704E-02,0.000000E+00,0
8000,286032,1,48,6.568144E-03,0.000000E+00,0
8000,288236,1,1,1.368363E-04,0.000000E+00,0
8000,292756,1,6,8.210181E-04,0.000000E+00,0
8000,302969,1,59,8.073344E-03,0.000000E+00,0
8000,308337,1,5,6.841817E-04,0.000000E+00,0
8000,314754,1,5,6.841817E-04,0.000000E+00,0
8000,321082,1,1167,1.596880E-01,0.000000E+00,0
8000,321207,1,771,1.055008E-01,0.000000E+00,0
8000,334385,1,8,1.094691E-03,0.000000E+00,0
8000,341902,1,117,1.600985E-02,0.000000E+00,0
8000,354263,1,1259,1.722770E-01,0.000000E+00,0
8000,357527,1,6,8.210181E-04,0.000000E+00,0
8000,373537,1,1,1.368363E-04,0.000000E+00,0
8000,382408,1,174,2.380952E-02,0.000000E+00,0
8000,382923,1,5,6.841817E-04,0.000000E+00,0
8000,386056,1,309,4.228243E-02,0.000000E+00,0
8000,394697,1,409,5.596606E-02,0.000000E+00,0
8000,407797,1,486,6.650246E-02,0.000000E+00,0
8000,412814,1,276,3.776683E-02,0.000000E+00,0
8000,413907,1,52,7.115490E-03,0.000000E+00,0
8000,419430,1,66,9.031199E-03,0.000000E+00,0
8000,441114,1,224,3.065134E-02,0.000000E+00,0
8000,452528,1,4,5.473454E-04,0.000000E+00,0
8000,456315,1,30,4.105090E-03,0.000000E+00,0
8000,462447,1,17,2.326218E-03,0.000000E+00,0
8000,470108,1,44,6.020799E-03,0.000000E+00,0
8000,476937,1,1,1.368363E-04,0.000000E+00,0
8000,479592,1,1,1.368363E-04,0.000000E+00,0
8000,511762,2,3,4.105090E-04,0.000000E+00,0
8000,527058,2,1487,2.034756E-01,0.000000E+00,0
8000,533656,2,1,1.368363E-04,0.000000E+00,0
8000,537150,2,7,9.578544E-04,0.000000E+00,0
8000,542883,2,1,1.368363E-04,0.000000E+00,0
8000,544581,2,17,2.326218E-03,0.000000E+00,0
8000,545503,2,7,9.578544E-04,0.000000E+00,0
8000,571946,2,1,1.368363E-04,0.000000E+00,0
8000,584824,2,69,9.441708E-03,0.000000E+00,0
8000,596542,2,7,9.578544E-04,0.000000E+00,0
8000,599450,2,16,2.189381E-03,0.000000E+00,0
8000,613071,2,2,2.736727E-04,0.000000E+00,0
8000,625985,2,29,3.968254E-03,0.000000E+00,0
8000,626970,2,3,4.105090E-04,0.000000E+00,0
8000,627467,2,6133,8.392173E-01,0.000000E+00,0
8000,635404,2,2683,3.671319E-01,0.000000E+00,0
8000,638275,2,41,5.610290E-03,0.000000E+00,0
8000,646937,2,389,5.322934E-02,0.000000E+00,0
8000,647880,2,40,5.473454E-03,0.000000E+00,0
8000,664239,2,8,1.094691E-03,0.000000E+00,0
8000,680469,2,783,1.071429E-01,0.000000E+00,0
8000,689078,2,5815,7.957033E-01,0.000000E+00,0
8000,690749,2,5693,7.790093E-01,0.000000E+00,0
8000,706279,2,3,4.105090E-04,0.000000E+00,0
8000,706944,2,1,1.368363E-04,0.000000E+00,0
8000,708524,2,51,6.978654E-03,0.000000E+00,0
8000,712710,2,76,1.039956E-02,0.000000E+00,0
8000,714875,2,27,3.694581E-03,0.000000E+00,0
8000,715073,2,2237,3.061029E-01,0.000000E+00,0
8000,722514,2,3267,4.470443E-01,1.834913E-02,3
8000,726477,2,7,9.578544E-04,0.000000E+00,0
8000,726635,2,16,2.189381E-03,0.000000E+00,0
8000,728813,2,2,2.736727E-04,0.000000E+00,0
8000,732778,2,428,5.856596E-02,0.000000E+00,0
8000,737980,2,1,1.368363E-04,0.000000E+00,0
8000,745126,2,21,2.873563E-03,0.000000E+00,0
8000,745334,2,4976,6.808976E-01,0.000000E+00,0
8000,766232,3,1038,1.420361E-01,0.000000E+00,0
8000,772709,3,479,6.554461E-02,0.000000E+00,0
8000,776722,3,7,9.578544E-04,0.000000E+00,0
8000,778447,3,3648,4.991790E-01,0.000000E+00,0
8000,786514,3,2,2.736727E-04,0.000000E+00,0
8000,800787,3,430,5.883963E-02,0.000000E+00,0
8000,805707,3,3761,5.146415E-01,0.000000E+00,0
8000,811007,3,9,1.231527E-03,0.000000E+00,0
8000,812326,3,523,7.156541E-02,0.000000E+00,0
8000,817919,3,3842,5.257252E-01,0.000000E+00,0
8000,827597,3,92,1.258894E-02,0.000000E+00,0
8000,828317,3,267,3.653530E-02,0.000000E+00,0
8000,830295,3,10,1.368363E-03,0.000000E+00,0
8000,835285,3,27,3.694581E-03,0.000000E+00,0
8000,835768,3,1,1.368363E-04,0.000000E+00,0
8000,839877,3,89,1.217843E-02,0.000000E+00,0
8000,841132,3,74,1.012589E-02,0.000000E+00,0
8000,843621,3,189,2.586207E-02,0.000000E+00,0
8000,861149,3,298,4.077723E-02,0.000000E+00,0
8000,871761,3,1,1.368363E-04,0.000000E+00,0
8000,875269,3,3,4.105090E-04,0.000000E+00,0
8000,881991,3,27,3.694581E-03,0.000000E+00,0
8000,882979,3,24,3.284072E-03,0.000000E+00,0
8000,883767,3,88,1.204160E-02,0.000000E+00,0
8000,888204,3,1,1.368363E-04,0.000000E+00,0
8000,906823,3,37,5.062945E-03,0.000000E+00,0
8000,913841,3,2,2.736727E-04,0.000000E+00,0
8000,922766,3,3612,4.942529E-01,0.000000E+00,0
8000,932502,3,62,8.483853E-03,0.000000E+00,0
8000,935475,3,137,1.874658E-02,0.000000E+00,0
8000,941424,3,196,2.681992E-02,0.000000E+00,0
8000,948682,3,152,2.079912E-02,0.000000E+00,0
8000,951605,3,2,2.736727E-04,0.000000E+00,0
8000,953271,3,1,1.368363E-04,0.000000E+00,0
8000,954909,3,10,1.368363E-03,0.000000E+00,0
8000,964746,3,5,6.841817E-04,0.000000E+00,0
8000,966847,3,139,1.902025E-02,0.000000E+00,0
8000,969962,3,75,1.026273E-02,0.000000E+00,0
8000,974400,3,886,1.212370E-01,0.000000E+00,0
8000,979114,3,4,5.473454E-04,0.000000E+00,0
8000,985339,3,85,1.163109E-02,0.000000E+00,0
8000,986060,3,79,1.081007E-02,0.000000E+00,0
8000,993435,3,650,8.894362E-02,0.000000E+00,0
8000,997079,3,2,2.736727E-04,0.000000E+00,0
9000,2480,0,362,4.965706E-02,0.000000E+00,0
9000,3404,0,6,8.230453E-04,0.000000E+00,0
9000,8644,0,13,1.783265E-03,0.000000E+00,0
9000,10016,0,422,5.788752E-02,0.000000E+00,0
9000,10193,0,46,6.310014E-03,0.000000E+00,0
9000,54803,0,4,5.486968E-04,0.000000E+00,0
9000,58857,0,119,1.632373E-02,0.000000E+00,0
9000,70129,0,1,1.371742E-04,0.000000E+00,0
9000,75270,0,2704,3.709191E-01,0.000000E+00,0
9000,77601,0,1394,1.912209E-01,0.000000E+00,0
9000,80729,0,3,4.115226E-04,0.000000E+00,0
9000,81050,0,8,1.097394E-03,0.000000E+00,0
9000,82780,0,499,6.844993E-02,0.000000E+00,0
9000,85957,0,140,1.920439E-02,0.000000E+00,0
9000,87766,0,5576,7.648834E-01,0.000000E+00,0
9000,94263,0,8,1.097394E-03,0.000000E+00,0
9000,102703,0,895,1.227709E-01,0.000000E+00,0
9000,120078,0,1,1.371742E-04,0.000000E+00,0
9000,148743,0,28,3.840878E-03,0.000000E+00,0
9000,153461,0,715,9.807956E-02,0.000000E+00,0
9000,162625,0,1533,2.102881E-01,0.000000E+00,0
9000,168698,0,1,1.371742E-04,0.000000E+00,0
9000,179098,0,5158,7.075446E-01,0.000000E+00,0
9000,181645,0,487,6.680384E-02,0.000000E+00,0
9000,191976,0,1,1.371742E-04,0.000000E+00,0
9000,194062,0,1,1.371742E-04,0.000000E+00,0
9000,196332,0,1354,1.857339E-01,0.000000E+00,0
9000,197386,0,84,1.152263E-02,0.000000E+00,0
9000,198263,0,3,4.115226E-04,0.000000E+00,0
9000,202498,0,2,2.743484E-04,0.000000E+00,0
9000,203815,0,3194,4.381344E-01,0.000000E+00,0
9000,205822,0,73,1.001372E-02,0.000000E+00,0
9000,236287,0,1,1.371742E-04,0.000000E+00,0
9000,252728,1,5415,7.427984E-01,0.000000E+00,0
9000,253651,1,12,1.646091E-03,0.000000E+00,0
9000,258410,1,2,2.743484E-04,0.000000E+00,0
9000,258932,1,113,1.550069E-02,0.000000E+00,0
9000,263142,1,281,3.854595E-02,0.000000E+00,0
9000,267043,1,3695,5.068587E-01,2.121757E-02,3
9000,267715,1,1,1.371742E-04,0.000000E+00,0
9000,269641,1,2307,3.164609E-01,0.000000E+00,0
9000,272417,1,5,6.858711E-04,0.000000E+00,0
9000,275011,1,2332,3.198903E-01,0.000000E+00,0
9000,294113,1,110,1.508916E-02,0.000000E+00,0
9000,295096,1,56,7.681756E-03,0.000000E+00,0
9000,319451,1,140,1.920439E-02,0.000000E+00,0
9000,321082,1,856,1.174211E-01,0.000000E+00,0
9000,321207,1,30,4.115226E-03,0.000000E+00,0
9000,322614,1,1,1.371742E-04,0.000000E+00,0
9000,324126,1,34,4.663923E-03,0.000000E+00,0
9000,328456,1,150,2.057613E-02,0.000000E+00,0
9000,349738,1,32,4.389575E-03,0.000000E+00,0
9000,354263,1,97,1.330590E-02,0.000000E+00,0
9000,356113,1,1,1.371742E-04,0.000000E+00,0
9000,363294,1,196,2.688615E-02,0.000000E+00,0
9000,366199,1,4,5.486968E-04,0.000000E+00,0
9000,386056,1,28,3.840878E-03,0.000000E+00,0
9000,389403,1,1,1.371742E-04,0.000000E+00,0
9000,397553,1,524,7.187929E-02,0.000000E+00,0
9000,399327,1,3,4.115226E-04,0.000000E+00,0
9000,407797,1,598,8.203018E-02,0.000000E+00,0
9000,413546,1,95,1.303155E-02,0.000000E+00,0
9000,414998,1,6209,8.517147E-01,1.740406E-02,2
9000,421777,1,2,2.743484E-04,0.000000E+00,0
9000,441114,1,14,1.920439E-03,0.000000E+00,0
9000,453718,1,7,9.602195E-04,0.000000E+00,0
9000,461164,1,63,8.641975E-03,0.000000E+00,0
9000,465421,1,2,2.743484E-04,0.000000E+00,0
9000,466532,1,1,1.371742E-04,0.000000E+00,0
9000,478486,1,1,1.371742E-04,0.000000E+00,0
9000,487079,1,103,1.412894E-02,0.000000E+00,0
9000,489252,1,110,1.508916E-02,0.000000E+00,0
9000,527058,2,2397,3.288066E-01,0.000000E+00,0
9000,530714,2,17,2.331962E-03,0.000000E+00,0
9000,531944,2,4,5.486968E-04,0.000000E+00,0
9000,547603,2,7,9.602195E-04,0.000000E+00,0
9000,563123,2,391,5.363512E-02,0.000000E+00,0
9000,567116,2,6,8.230453E-04,0.000000E+00,0
9000,571879,2,152,2.085048E-02,0.000000E+00,0
9000,621677,2,76,1.042524E-02,0.000000E+00,0
9000,627467,2,5178,7.102881E-01,0.000000E+00,0
9000,630735,2,1,1.371742E-04,0.000000E+00,0
9000,635404,2,4149,5.691358E-01,0.000000E+00,0
9000,646937,2,407,5.582990E-02,0.000000E+00,0
9000,652841,2,13,1.783265E-03,0.000000E+00,0
9000,671343,2,27,3.703704E-03,0.000000E+00,0
9000,673650,2,16,2.194787E-03,0.000000E+00,0
9000,680469,2,2037,2.794239E-01,0.000000E+00,0
9000,684289,2,1,1.371742E-04,0.000000E+00,0
9000,685105,2,11,1.508916E-03,0.000000E+00,0
9000,686545,2,153,2.098765E-02,0.000000E+00,0
9000,689078,2,6897,9.460905E-01,0.000000E+00,0
9000,690749,2,6743,9.249657E-01,0.000000E+00,0
9000,698708,2,134,1.838134E-02,0.000000E+00,0
9000,701421,2,73,1.001372E-02,0.000000E+00,0
9000,706279,2,354,4.855967E-02,0.000000E+00,0
9000,712710,2,162,2.222222E-02,0.000000E+00,0
9000,715073,2,742,1.017833E-01,0.000000E+00,0
9000,715983,2,2,2.743484E-04,0.000000E+00,0
9000,722514,2,3621,4.967078E-01,1.834913E-02,3
9000,729575,2,23,3.155007E-03,0.000000E+00,0
9000,732778,2,857,1.175583E-01,0.000000E+00,0
9000,735692,2,17,2.331962E-03,0.000000E+00,0
9000,737610,2,13,1.783265E-03,0.000000E+00,0
9000,745334,2,5850,8.024691E-01,0.000000E+00,0
9000,766232,3,1579,2.165981E-01,0.000000E+00,0
9000,778447,3,1875,2.572016E-01,0.000000E+00,0
9000,783917,3,8,1.097394E-03,0.000000E+00,0
9000,805707,3,3587,4.920439E-01,0.000000E+00,0
9000,811609,3,12,1.646091E-03,0.000000E+00,0
9000,812326,3,1333,1.828532E-01,0.000000E+00,0
9000,812348,3,41,5.624143E-03,0.000000E+00,0
9000,817919,3,3889,5.334705E-01,0.000000E+00,0
9000,819504,3,111,1.522634E-02,0.000000E+00,0
9000,824940,3,120,1.646091E-02,0.000000E+00,0
9000,830169,3,1,1.371742E-04,0.000000E+00,0
9000,835350,3,2,2.743484E-04,0.000000E+00,0
9000,835580,3,3,4.115226E-04,0.000000E+00,0
9000,836281,3,227,3.113855E-02,0.000000E+00,0
9000,841132,3,294,4.032922E-02,0.000000E+00,0
9000,843621,3,1105,1.515775E-01,0.000000E+00,0
9000,861149,3,2454,3.366255E-01,0.000000E+00,0
9000,863720,3,24,3.292181E-03,0.000000E+00,0
9000,878017,3,222,3.045267E-02,0.000000E+00,0
9000,882979,3,715,9.807956E-02,0.000000E+00,0
9000,885031,3,6,8.230453E-04,0.000000E+00,0
9000,885511,3,5,6.858711E-04,0.000000E+00,0
9000,889772,3,28,3.840878E-03,0.000000E+00,0
9000,902325,3,1,1.371742E-04,0.000000E+00,0
9000,911256,3,1,1.371742E-04,0.000000E+00,0
9000,911312,3,826,1.133059E-01,0.000000E+00,0
9000,922766,3,4169,5.718793E-01,0.000000E+00,0
9000,924233,3,1,1.371742E-04,0.000000E+00,0
9000,933202,3,38,5.212620E-03,0.000000E+00,0
9000,935475,3,158,2.167353E-02,0.000000E+00,0
9000,949373,3,36,4.938272E-03,0.000000E+00,0
9000,960721,3,52,7.133059E-03,0.000000E+00,0
9000,966847,3,33,4.526749E-03,0.000000E+00,0
9000,970685,3,2,2.743484E-04,0.000000E+00,0
9000,974400,3,1765,2.421125E-01,0.000000E+00,0
9000,979155,3,15,2.057613E-03,0.000000E+00,0
10000,4067,0,341,4.088729E-02,0.000000E+00,0
10000,10016,0,432,5.179856E-02,0.000000E+00,0
10000,12963,0,1,1.199041E-04,0.000000E+00,0
10000,32361,0,5,5.995204E-04,0.000000E+00,0
10000,33917,0,16,1.918465E-03,0.000000E+00,0
10000,58970,0,26,3.117506E-03,0.000000E+00,0
10000,67198,0,1,1.199041E-04,0.000000E+00,0
10000,75270,0,3698,4.434053E-01,0.000000E+00,0
10000,77601,0,929,1.113909E-01,0.000000E+00,0
10000,82780,0,639,7.661871E-02,0.000000E+00,0
10000,87766,0,7417,8.893285E-01,0.000000E+00,0
10000,98914,0,55,6.594724E-03,0.000000E+00,0
10000,102703,0,3733,4.476019E-01,0.000000E+00,0
10000,108819,0,1,1.199041E-04,0.000000E+00,0
10000,117107,0,2,2.398082E-04,0.000000E+00,0
10000,133430,0,50,5.995204E-03,0.000000E+00,0
10000,138986,0,7,8.393285E-04,0.000000E+00,0
10000,141048,0,184,2.206235E-02,0.000000E+00,0
10000,141654,0,41,4.916067E-03,0.000000E+00,0
10000,145795,0,5,5.995204E-04,0.000000E+00,0
10000,146327,0,173,2.074341E-02,0.000000E+00,0
10000,153461,0,3299,3.955635E-01,0.000000E+00,0
10000,154805,0,21,2.517986E-03,0.000000E+00,0
10000,155900,0,2,2.398082E-04,0.000000E+00,0
10000,159612,0,4,4.796163E-04,0.000000E+00,0
10000,160450,0,75,8.992806E-03,0.000000E+00,0
10000,162625,0,2135,2.559952E-01,0.000000E+00,0
10000,168515,0,3,3.597122E-04,0.000000E+00,0
10000,169641,0,1,1.199041E-04,0.000000E+00,0
10000,179098,0,5354,6.419664E-01,0.000000E+00,0
10000,181645,0,277,3.321343E-02,0.000000E+00,0
10000,187496,0,780,9.352518E-02,0.000000E+00,0
10000,190616,0,12,1.438849E-03,0.000000E+00,0
10000,196332,0,1396,1.673861E-01,0.000000E+00,0
10000,203815,0,4972,5.961631E-01,0.000000E+00,0
10000,211357,0,4,4.796163E-04,0.000000E+00,0
10000,212868,0,7,8.393285E-04,0.000000E+00,0
10000,219486,0,637,7.637890E-02,0.000000E+00,0
10000,221973,0,315,3.776978E-02,0.000000E+00,0
10000,247856,0,59,7.074341E-03,0.000000E+00,0
10000,252728,1,6570,7.877698E-01,0.000000E+00,0
10000,256508,1,1,1.199041E-04,1.470124E-03,2
10000,267043,1,3973,4.763789E-01,2.121757E-02,3
10000,269641,1,3429,4.111511E-01,0.000000E+00,0
10000,275011,1,2404,2.882494E-01,0.000000E+00,0
10000,277480,1,2,2.398082E-04,0.000000E+00,0
10000,287779,1,2,2.398082E-04,0.000000E+00,0
10000,295096,1,107,1.282974E-02,0.000000E+00,0
10000,304372,1,4,4.796163E-04,0.000000E+00,0
10000,311437,1,1,1.199041E-04,0.000000E+00,0
10000,321082,1,329,3.944844E-02,0.000000E+00,0
10000,343176,1,18,2.158273E-03,0.000000E+00,0
10000,354651,1,103,1.235012E-02,2.100854E-03,3
10000,363294,1,613,7.350120E-02,0.000000E+00,0
10000,378927,1,13,1.558753E-03,0.000000E+00,0
10000,391894,1,4,4.796163E-04,0.000000E+00,0
10000,394865,1,11,1.318945E-03,0.000000E+00,0
10000,397553,1,555,6.654676E-02,0.000000E+00,0
10000,402843,1,2,2.398082E-04,0.000000E+00,0
10000,407797,1,64,7.673861E-03,0.000000E+00,0
10000,420396,1,3,3.597122E-04,0.000000E+00,0
10000,426628,1,1045,1.252998E-01,0.000000E+00,0
10000,435845,1,45,5.395683E-03,0.000000E+00,0
10000,439360,1,1,1.199041E-04,0.000000E+00,0
10000,443520,1,12,1.438849E-03,0.000000E+00,0
10000,453724,1,1,1.199041E-04,0.000000E+00,0
10000,466997,1,21,2.517986E-03,0.000000E+00,0
10000,489252,1,450,5.395683E-02,0.000000E+00,0
10000,502500,2,256,3.069544E-02,0.000000E+00,0
10000,509898,2,58,6.954436E-03,0.000000E+00,0
10000,524381,2,12,1.438849E-03,0.000000E+00,0
10000,525489,2,3,3.597122E-04,0.000000E+00,0
10000,527058,2,3889,4.663070E-01,0.000000E+00,0
10000,550430,2,325,3.896882E-02,0.000000E+00,0
10000,551982,2,1,1.199041E-04,0.000000E+00,0
10000,569898,2,1,1.199041E-04,0.000000E+00,0
10000,584211,2,287,3.441247E-02,0.000000E+00,0
10000,591512,2,1,1.199041E-04,0.000000E+00,0
10000,591760,2,2,2.398082E-04,0.000000E+00,0
10000,593337,2,668,8.009592E-02,0.000000E+00,0
10000,599529,2,1,1.199041E-04,0.000000E+00,0
10000,623654,2,54,6.474820E-03,0.000000E+00,0
10000,627467,2,4782,5.733813E-01,0.000000E+00,0
10000,635404,2,6331,7.591127E-01,0.000000E+00,0
10000,643011,2,101,1.211031E-02,0.000000E+00,0
10000,644387,2,3,3.597122E-04,0.000000E+00,0
10000,650985,2,2,2.398082E-04,0.000000E+00,0
10000,653550,2,8,9.592326E-04,0.000000E+00,0
10000,660991,2,27,3.237410E-03,0.000000E+00,0
10000,662304,2,6,7.194245E-04,-5.697731E-03,1
10000,680469,2,1279,1.533573E-01,0.000000E+00,0
10000,689078,2,8104,9.717026E-01,0.000000E+00,0
10000,690749,2,7667,9.193046E-01,0.000000E+00,0
10000,695870,2,4,4.796163E-04,0.000000E+00,0
10000,706279,2,1388,1.664269E-01,0.000000E+00,0
10000,709522,2,19,2.278177E-03,0.000000E+00,0
10000,712710,2,79,9.472422E-03,0.000000E+00,0
10000,715073,2,2122,2.544365E-01,0.000000E+00,0
10000,720763,2,1521,1.823741E-01,0.000000E+00,0
10000,722514,2,4566,5.474820E-01,1.834913E-02,3
10000,724331,2,47,5.635492E-03,0.000000E+00,0
10000,742680,2,146,1.750600E-02,0.000000E+00,0
10000,753412,3,5,5.995204E-04,0.000000E+00,0
10000,766232,3,711,8.525180E-02,0.000000E+00,0
10000,770439,3,61,7.314149E-03,0.000000E+00,0
10000,773440,3,2,2.398082E-04,0.000000E+00,0
10000,778447,3,1090,1.306954E-01,0.000000E+00,0
10000,805707,3,4713,5.651079E-01,0.000000E+00,0
10000,812291,3,5,5.995204E-04,0.000000E+00,0
10000,812326,3,1261,1.511990E-01,0.000000E+00,0
10000,812691,3,9,1.079137E-03,-5.013211E-03,1
10000,817919,3,5183,6.214628E-01,0.000000E+00,0
10000,830298,3,810,9.712230E-02,0.000000E+00,0
10000,841132,3,1062,1.273381E-01,0.000000E+00,0
10000,843621,3,686,8.225420E-02,0.000000E+00,0
10000,846563,3,1,1.199041E-04,0.000000E+00,0
10000,861149,3,3270,3.920863E-01,0.000000E+00,0
10000,880117,3,4,4.796163E-04,0.000000E+00,0
10000,882979,3,1713,2.053957E-01,0.000000E+00,0
10000,899379,3,27,3.237410E-03,0.000000E+00,0
10000,906448,3,66,7.913669E-03,0.000000E+00,0
10000,911312,3,2352,2.820144E-01,0.000000E+00,0
10000,914079,3,1,1.199041E-04,0.000000E+00,0
10000,916922,3,5,5.995204E-04,0.000000E+00,0
10000,918043,3,80,9.592326E-03,0.000000E+00,0
10000,922766,3,4720,5.659472E-01,0.000000E+00,0
10000,924058,3,10,1.199041E-03,0.000000E+00,0
10000,933162,3,5,5.995204E-04,0.000000E+00,0
10000,935475,3,267,3.201439E-02,0.000000E+00,0
10000,943918,3,1,1.199041E-04,0.000000E+00,0
10000,950248,3,11,1.318945E-03,0.000000E+00,0
10000,952944,3,2,2.398082E-04,0.000000E+00,0
10000,965724,3,11,1.318945E-03,0.000000E+00,0
10000,974363,3,106,1.270983E-02,0.000000E+00,0
10000,974400,3,4444,5.328537E-01,0.000000E+00,0
10000,979155,3,95,1.139089E-02,0.000000E+00,0
10000,986603,3,1,1.199041E-04,0.000000E+00,0
