individual,location,fitness
0,0,1.006937
1,0,0.977002
2,0,1.006937
3,0,1.006937
4,0,1.006937
5,0,1.006937
6,0,0.977002
7,0,1.006937
8,0,1.006937
9,0,1.006937
10,0,1.006937
11,0,1.006937
12,0,1.006937
13,0,1.006937
14,1,1.006937
15,1,1.006937
16,0,1.006937
17,0,1.006937
18,0,1.006937
19,0,1.006937
20,0,1.006937
21,0,1.006937
22,2,1.006937
23,0,1.006937
24,0,1.006937
25,0,1.006937
26,0,1.006937
27,0,1.006937
28,1,1.006937
29,0,1.006937
30,0,0.977002
31,0,1.006937
32,0,1.006937
33,0,0.977002
34,0,1.006937
35,0,1.006937
36,0,1.006937
37,0,1.006937
38,0,1.006937
39,0,1.006937
40,0,1.006937
41,0,1.006937
42,0,1.006937
43,0,1.006937
44,0,1.011924
45,0,1.006937
46,0,1.006937
47,0,1.011924
48,0,1.006937
49,0,1.006937
50,0,1.006937
51,0,0.981841
52,0,1.006937
53,0,1.006937
54,0,1.006937
55,0,1.006937
56,0,1.006937
57,0,1.006937
58,0,1.006937
59,0,1.006937
60,0,1.006937
61,0,0.977002
62,0,1.006937
63,0,1.006937
64,0,1.006937
65,0,1.006937
66,0,0.977002
67,0,1.008541
68,0,1.006937
69,0,1.006937
70,0,1.006937
71,1,1.006937
72,0,1.006937
73,0,1.006937
74,0,1.006937
75,0,1.006937
76,0,1.006937
77,0,1.006937
78,0,0.977002
79,2,1.011924
80,0,1.006937
81,0,1.006937
82,0,1.006937
83,0,0.973736
84,0,1.006937
85,0,1.006937
86,0,1.006937
87,0,1.006937
88,2,0.977002
89,0,1.006937
90,0,1.006937
91,0,1.006937
92,1,1.006937
93,1,1.006937
94,0,1.006937
95,0,1.006937
96,0,1.006937
97,0,1.008541
98,0,1.006937
99,0,1.006937
100,0,1.006937
101,0,1.006937
102,1,1.006937
103,0,1.006937
104,0,1.006937
105,0,1.006937
106,0,1.006937
107,1,1.006937
108,0,0.977002
109,0,1.006937
110,2,1.006937
111,0,1.006937
112,0,0.977002
113,2,1.006937
114,2,1.006937
115,0,1.006937
116,0,1.006937
117,0,1.006937
118,0,1.006937
119,0,1.006937
120,0,1.006937
121,0,1.006937
122,0,1.006937
123,0,1.006937
124,0,1.006937
125,0,1.011924
126,0,1.006937
127,1,1.006937
128,0,1.011924
129,1,1.006937
130,0,0.977002
131,0,0.977002
132,0,1.006937
133,0,1.006937
134,0,1.006937
135,0,0.977002
136,0,1.006937
137,0,1.006937
138,2,1.006937
139,0,1.006937
140,0,1.006937
141,0,1.006937
142,0,1.006937
143,2,1.006937
144,0,1.006937
145,1,1.006937
146,0,1.006937
147,0,1.006937
148,0,1.006937
149,0,1.006937
150,0,1.006937
151,0,1.006937
152,0,1.006937
153,0,0.977002
154,2,1.006937
155,0,1.006937
156,0,1.006937
157,2,1.006937
158,0,1.006937
159,0,1.006937
160,0,1.006937
161,0,1.006937
162,0,1.006937
163,0,1.006937
164,0,0.977002
165,0,1.006937
166,0,1.006937
167,0,0.977002
168,0,1.011924
169,0,1.006937
170,1,0.977002
171,0,1.011924
172,1,1.006937
173,1,1.006937
174,0,1.006937
175,0,0.977002
176,0,1.006937
177,0,1.006937
178,0,1.003570
179,0,0.977002
180,0,1.006937
181,0,1.006937
182,0,1.006937
183,0,1.006937
184,0,1.006937
185,0,1.006937
186,0,1.011924
187,0,1.011924
188,0,1.006937
189,1,1.006937
190,0,1.006937
191,0,1.006937
192,0,1.011924
193,1,0.977002
194,0,1.006937
195,0,1.006937
196,0,0.973736
197,0,1.006937
198,0,1.006937
199,0,1.006937
200,0,1.006937
201,0,1.006937
202,1,1.006937
203,0,1.006937
204,0,1.006937
205,0,1.006937
206,0,1.006937
207,0,1.006937
208,0,1.011924
209,0,0.977002
210,0,1.011924
211,0,1.006937
212,0,1.006937
213,0,1.006937
214,0,1.006937
215,0,1.006937
216,0,0.977002
217,0,1.006937
218,0,0.981841
219,0,1.006937
220,0,1.006937
221,0,1.006937
222,0,1.006937
223,0,1.006937
224,0,1.006937
225,0,1.006937
226,0,0.977002
227,0,1.006937
228,0,1.006937
229,0,1.006937
230,0,1.006937
231,1,1.006937
232,0,0.977002
233,0,1.011924
234,0,1.006937
235,0,1.006937
236,1,0.977002
237,0,1.006937
238,0,1.006937
239,0,0.973736
240,1,1.006937
241,0,1.006937
242,0,1.006937
243,0,0.977002
244,0,1.006937
245,0,0.977002
246,0,1.006937
247,0,1.006937
248,0,1.006937
249,0,0.977002
250,0,0.977002
251,0,1.011924
252,1,1.011924
253,0,1.003570
254,0,1.006937
255,0,1.006937
256,0,1.006937
257,0,1.006937
258,0,1.006937
259,1,1.006937
260,0,1.006937
261,0,1.006937
262,0,1.006937
263,1,1.006937
264,2,1.011924
265,1,1.006937
266,0,1.006937
267,0,1.011924
268,0,1.006937
269,2,0.977002
270,0,1.006937
271,0,1.006937
272,0,1.008541
273,0,1.003570
274,1,1.006937
275,1,1.006937
276,0,1.011924
277,0,1.011924
278,0,1.006937
279,0,1.006937
280,0,1.006937
281,2,1.006937
282,0,1.006937
283,0,0.970272
284,0,1.006937
285,0,1.006937
286,0,1.006937
287,1,0.977002
288,2,0.973736
289,0,0.977002
290,0,0.977002
291,0,1.006937
292,0,1.006937
293,1,1.006937
294,0,1.011924
295,0,1.006937
296,0,0.977002
297,2,1.006937
298,3,1.006937
299,0,1.006937
300,0,0.977002
301,0,1.006937
302,0,1.006937
303,0,1.006937
304,0,1.006937
305,0,0.973736
306,0,0.977002
307,0,1.006937
308,1,1.006937
309,0,1.006937
310,0,1.006937
311,0,1.006937
312,0,1.006937
313,0,1.006937
314,0,0.977002
315,0,1.011924
316,0,1.006937
317,0,1.006937
318,0,1.006937
319,0,1.011924
320,0,1.006937
321,0,1.006937
322,0,0.977002
323,0,1.006937
324,0,1.006937
325,0,1.006937
326,0,0.977002
327,0,1.011924
328,0,1.006937
329,0,1.006937
330,0,1.006937
331,0,1.006937
332,0,1.006937
333,0,1.006937
334,1,1.006937
335,0,1.006937
336,0,1.006937
337,0,1.011924
338,1,1.006937
339,0,1.011924
340,0,1.006937
341,0,1.006937
342,0,1.011924
343,0,1.006937
344,0,1.011924
345,0,1.006937
346,0,1.006937
347,0,1.006937
348,0,1.006937
349,0,1.006937
350,0,1.006937
351,0,1.003570
352,0,0.977002
353,0,1.006937
354,0,0.973736
355,0,0.947067
356,0,1.006937
357,0,1.006937
358,0,1.006937
359,0,1.006937
360,0,1.006937
361,1,1.006937
362,0,1.006937
363,0,1.006937
364,0,0.981841
365,0,1.006937
366,2,1.006937
367,0,0.977002
368,1,1.006937
369,0,1.006937
370,0,1.006937
371,0,1.006937
372,0,1.011924
373,0,1.006937
374,0,1.011924
375,0,1.006937
376,0,1.006937
377,0,1.006937
378,0,1.006937
379,2,1.006937
380,0,1.006937
381,0,1.006937
382,0,1.006937
383,0,1.003570
384,0,1.006937
385,0,1.006937
386,0,1.006937
387,1,1.011924
388,0,0.977002
389,0,1.003570
390,0,1.006937
391,0,1.006937
392,2,1.006937
393,2,1.006937
394,0,1.006937
395,0,1.006937
396,1,0.981841
397,0,1.006937
398,0,1.006937
399,0,1.006937
400,2,1.006937
401,0,1.006937
402,0,1.006937
403,0,1.006937
404,0,1.006937
405,0,1.006937
406,0,0.977002
407,0,1.006937
408,0,1.006937
409,0,1.006937
410,3,1.011924
411,0,1.006937
412,0,0.981841
413,0,1.006937
414,0,1.006937
415,3,1.006937
416,2,1.006937
417,0,1.006937
418,0,1.006937
419,0,1.006937
420,0,1.006937
421,0,1.006937
422,0,1.006937
423,0,1.006937
424,0,1.006937
425,1,1.006937
426,0,1.006937
427,0,1.006937
428,0,0.977002
429,0,1.006937
430,0,0.977002
431,0,0.977002
432,2,1.006937
433,0,1.006937
434,0,1.006937
435,0,1.003570
436,0,1.006937
437,1,1.006937
438,0,1.011924
439,0,1.006937
440,0,1.006937
441,0,1.006937
442,0,1.006937
443,0,1.006937
444,0,1.006937
445,0,1.011924
446,0,0.977002
447,0,0.977002
448,1,0.970272
449,0,0.977002
450,1,1.006937
451,0,0.977002
452,0,1.006937
453,0,1.006937
454,1,0.977002
455,0,1.006937
456,1,0.977002
457,0,1.006937
458,2,1.006937
459,0,1.011924
460,0,1.006937
461,0,0.977002
462,0,1.006937
463,0,1.006937
464,0,1.006937
465,0,0.981841
466,0,1.006937
467,0,1.006937
468,0,1.006937
469,1,1.006937
470,1,1.006937
471,0,0.947067
472,0,1.006937
473,2,1.006937
474,2,1.006937
475,0,1.006937
476,0,1.006937
477,0,1.006937
478,0,1.006937
479,0,1.006937
480,0,1.006937
481,0,1.006937
482,0,1.006937
483,0,1.006937
484,0,0.977002
485,0,1.006937
486,0,1.006937
487,0,0.977002
488,0,1.006937
489,0,1.006937
490,2,1.006937
491,1,1.006937
492,0,1.011924
493,0,1.006937
494,0,1.006937
495,0,0.977002
496,0,1.006937
497,0,1.006937
498,0,0.977002
499,0,1.006937
500,0,1.006937
501,1,1.006937
502,0,1.006937
503,0,1.006937
504,0,1.006937
505,0,1.006937
506,0,1.006937
507,0,1.006937
508,0,1.006937
509,0,1.006937
510,0,0.947067
511,0,1.006937
512,0,1.006937
513,0,1.006937
514,0,0.981841
515,0,1.006937
516,0,0.977002
517,0,1.006937
518,0,1.006937
519,0,1.006937
520,0,1.006937
521,0,1.011924
522,0,1.006937
523,0,1.006937
524,0,1.006937
525,1,1.006937
526,0,1.006937
527,0,1.006937
528,0,1.006937
529,0,1.006937
530,0,1.006937
531,0,0.977002
532,1,1.006937
533,0,1.006937
534,0,0.981841
535,0,0.977002
536,0,1.006937
537,0,1.006937
538,0,0.977002
539,0,1.006937
540,0,1.006937
541,0,1.006937
542,0,1.006937
543,2,1.003570
544,0,1.003570
545,0,1.006937
546,1,1.006937
547,0,1.006937
548,0,1.006937
549,0,1.006937
550,0,1.006937
551,0,1.006937
552,1,1.006937
553,0,1.006937
554,0,1.006937
555,0,1.006937
556,0,1.006937
557,0,1.006937
558,0,0.973736
559,0,1.006937
560,0,0.977002
561,0,1.006937
562,0,1.006937
563,0,0.977002
564,0,1.006937
565,0,1.006937
566,0,1.011924
567,0,1.006937
568,0,1.006937
569,0,1.006937
570,0,1.006937
571,0,1.006937
572,1,0.977002
573,0,1.006937
574,0,1.006937
575,0,1.006937
576,0,1.006937
577,0,1.006937
578,0,1.006937
579,0,1.011924
580,1,1.006937
581,0,1.006937
582,0,1.006937
583,0,1.006937
584,0,1.006937
585,0,1.006937
586,1,1.006937
587,0,1.006937
588,0,1.006937
589,0,0.981841
590,2,0.977002
591,0,1.006937
592,0,1.006937
593,0,1.006937
594,0,1.006937
595,1,1.006937
596,2,1.006937
597,0,1.006937
598,0,1.006937
599,0,1.006937
600,0,1.006937
601,0,1.006937
602,0,1.006937
603,0,1.006937
604,0,1.006937
605,0,1.006937
606,1,1.006937
607,0,1.006937
608,0,1.011924
609,0,0.977002
610,0,1.006937
611,0,1.006937
612,0,1.006937
613,0,1.006937
614,0,1.006937
615,0,1.006937
616,0,1.006937
617,0,1.006937
618,0,1.006937
619,0,0.947067
620,0,1.006937
621,0,1.006937
622,0,1.011924
623,0,1.006937
624,1,1.006937
625,0,1.006937
626,0,1.011924
627,0,1.006937
628,0,1.006937
629,0,1.011924
630,1,1.006937
631,0,1.006937
632,2,1.006937
633,0,0.977002
634,0,1.006937
635,0,1.006937
636,0,1.006937
637,1,1.011924
638,0,0.977002
639,0,1.006937
640,0,1.006937
641,0,1.006937
642,0,1.016911
643,1,1.006937
644,0,0.973736
645,3,1.006937
646,0,1.006937
647,0,1.006937
648,3,1.006937
649,0,1.006937
650,0,1.006937
651,0,1.006937
652,0,1.006937
653,1,1.006937
654,0,1.006937
655,0,1.006937
656,0,1.011924
657,0,1.006937
658,0,0.977002
659,0,1.006937
660,0,1.006937
661,0,1.006937
662,0,1.011924
663,3,1.003570
664,2,1.006937
665,0,1.006937
666,0,1.006937
667,0,0.977002
668,0,1.006937
669,0,0.977002
670,0,1.006937
671,0,1.006937
672,0,1.003570
673,0,1.006937
674,0,1.011924
675,0,1.011924
676,0,1.006937
677,1,1.006937
678,0,1.006937
679,0,0.977002
680,0,1.006937
681,0,1.006937
682,1,0.977002
683,0,1.011924
684,0,1.006937
685,0,1.006937
686,0,1.006937
687,0,0.977002
688,0,1.006937
689,0,1.006937
690,0,1.006937
691,0,1.006937
692,1,1.006937
693,2,0.977002
694,0,1.006937
695,1,1.011924
696,1,1.006937
697,0,0.977002
698,0,1.006937
699,0,1.006937
700,0,1.006937
701,0,1.006937
702,1,1.006937
703,0,1.006937
704,0,1.003570
705,0,1.006937
706,0,1.006937
707,0,1.006937
708,0,1.006937
709,0,1.003570
710,0,1.006937
711,0,0.977002
712,0,0.977002
713,0,1.006937
714,0,1.006937
715,3,1.006937
716,2,1.006937
717,0,1.006937
718,0,1.011924
719,0,1.006937
720,0,1.006937
721,0,0.977002
722,0,1.011924
723,0,0.977002
724,0,1.006937
725,0,0.977002
726,0,1.006937
727,1,1.011924
728,0,1.006937
729,0,0.977002
730,0,1.006937
731,0,0.977002
732,0,1.006937
733,0,1.006937
734,0,0.981841
735,0,1.006937
736,0,1.006937
737,0,1.006937
738,0,1.003570
739,0,1.006937
740,0,0.947067
741,0,1.006937
742,0,0.977002
743,0,1.006937
744,0,1.006937
745,0,0.977002
746,0,1.006937
747,1,1.006937
748,1,1.006937
749,1,1.006937
750,0,0.977002
751,0,1.006937
752,0,1.006937
753,0,1.006937
754,0,1.006937
755,1,1.006937
756,2,0.977002
757,0,1.006937
758,0,1.006937
759,1,0.977002
760,0,1.006937
761,2,1.006937
762,0,1.006937
763,0,1.003570
764,0,1.006937
765,0,1.006937
766,0,1.011924
767,0,1.006937
768,2,1.006937
769,0,1.006937
770,0,1.006937
771,1,0.977002
772,0,1.011924
773,0,1.006937
774,1,1.006937
775,0,1.006937
776,0,1.011924
777,2,1.006937
778,2,1.006937
779,1,1.006937
780,0,1.006937
781,0,1.006937
782,2,1.006937
783,0,1.006937
784,0,1.006937
785,0,1.006937
786,0,1.006937
787,0,1.006937
788,0,1.006937
789,0,0.977002
790,0,1.006937
791,0,1.006937
792,1,1.006937
793,0,1.011924
794,0,1.006937
795,0,1.006937
796,0,1.006937
797,0,1.006937
798,0,1.006937
799,0,1.006937
800,0,0.977002
801,0,1.006937
802,0,0.977002
803,0,1.006937
804,0,0.977002
805,0,1.006937
806,0,1.006937
807,0,1.006937
808,0,1.006937
809,0,1.006937
810,0,1.006937
811,0,1.006937
812,0,1.006937
813,0,1.006937
814,0,1.006937
815,1,1.006937
816,0,1.006937
817,0,1.006937
818,0,1.006937
819,0,1.006937
820,0,1.006937
821,0,1.006937
822,0,1.006937
823,1,1.006937
824,0,1.006937
825,0,1.011924
826,0,1.006937
827,2,1.006937
828,0,1.006937
829,0,1.006937
830,1,1.006937
831,0,1.006937
832,0,1.006937
833,2,1.006937
834,0,0.977002
835,0,1.006937
836,0,1.006937
837,0,1.003570
838,0,1.006937
839,0,1.006937
840,1,1.006937
841,1,1.006937
842,0,1.011924
843,0,1.006937
844,2,1.006937
845,1,1.006937
846,0,1.006937
847,0,0.977002
848,0,1.006937
849,0,1.006937
850,0,1.006937
851,2,1.006937
852,2,1.006937
853,1,1.006937
854,0,1.006937
855,0,1.006937
856,0,1.006937
857,2,1.011924
858,0,0.977002
859,0,1.006937
860,2,1.006937
861,1,1.006937
862,0,1.011924
863,0,1.006937
864,2,1.006937
865,0,0.973736
866,0,1.006937
867,0,1.006937
868,0,1.006937
869,1,0.981841
870,0,1.006937
871,0,1.006937
872,0,1.006937
873,1,1.006937
874,0,1.006937
875,1,1.003570
876,0,1.006937
877,0,1.006937
878,0,0.981841
879,0,1.006937
880,0,1.006937
881,0,1.006937
882,0,1.006937
883,0,1.003570
884,0,1.006937
885,1,1.006937
886,1,1.006937
887,0,1.006937
888,0,1.006937
889,0,1.003570
890,0,1.006937
891,0,1.011924
892,0,0.977002
893,0,1.006937
894,0,1.006937
895,0,1.006937
896,0,1.006937
897,0,1.006937
898,0,1.006937
899,0,1.011924
900,0,1.006937
901,1,1.006937
902,0,1.006937
903,2,1.006937
904,0,0.977002
905,0,1.006937
906,0,1.006937
907,0,1.006937
908,0,1.004953
909,0,1.006937
910,0,1.006937
911,0,1.006937
912,1,1.006937
913,0,1.011924
914,0,1.006937
915,0,1.011924
916,0,1.006937
917,0,1.006937
918,0,1.006937
919,0,1.006937
920,0,1.008541
921,0,1.006937
922,0,0.977002
923,0,1.006937
924,1,1.006937
925,0,1.006937
926,0,1.006937
927,0,1.006937
928,0,1.006937
929,0,1.006937
930,0,1.008541
931,0,1.006937
932,0,1.006937
933,0,1.006937
934,0,1.006937
935,0,1.006937
936,1,1.006937
937,0,1.006937
938,1,1.006937
939,0,1.006937
940,2,1.006937
941,1,0.977002
942,2,1.006937
943,0,1.006937
944,0,1.006937
945,0,1.006937
946,0,0.981841
947,0,1.006937
948,0,1.011924
949,0,1.006937
950,0,1.006937
951,0,1.006937
952,0,1.006937
953,0,1.011924
954,0,1.006937
955,0,1.011924
956,0,1.006937
957,1,0.977002
958,1,1.006937
959,1,1.006937
960,0,1.006937
961,0,1.006937
962,1,1.011924
963,0,1.006937
964,0,1.006937
965,0,1.006937
966,0,1.006937
967,0,0.977002
968,0,1.006937
969,0,1.006937
970,1,1.006937
971,0,1.006937
972,0,1.006937
973,0,1.006937
974,0,0.981841
975,1,1.006937
976,0,0.977002
977,0,0.977002
978,0,1.006937
979,3,1.011924
980,0,1.006937
981,0,1.011924
982,1,1.006937
983,0,1.006937
984,0,1.006937
985,0,0.981841
986,3,1.006937
987,0,0.977002
988,2,0.981841
989,0,1.006937
990,0,1.003570
991,0,1.011924
992,0,1.006937
993,0,1.006937
994,0,1.006937
995,0,1.006937
996,0,1.000000
997,2,1.006937
998,1,1.006937
999,1,1.006937
1000,1,1.006937
1001,1,1.006937
1002,1,1.006937
1003,2,1.006937
1004,1,1.006937
1005,1,1.006937
1006,1,1.006937
1007,2,1.006937
1008,1,1.006937
1009,1,1.006937
1010,1,1.006937
1011,2,1.003570
1012,1,1.006937
1013,2,1.006937
1014,1,0.977002
1015,1,1.006937
1016,1,1.006937
1017,1,1.006937
1018,1,1.006937
1019,1,0.977002
1020,1,1.011924
1021,1,1.003570
1022,1,1.006937
1023,1,1.006937
1024,1,1.006937
1025,1,1.006937
1026,1,1.006937
1027,1,1.006937
1028,1,1.006937
1029,1,1.006937
1030,1,1.006937
1031,1,1.006937
1032,1,1.006937
1033,1,1.006937
1034,2,1.011924
1035,1,1.006937
1036,1,1.006937
1037,1,1.006937
1038,1,1.006937
1039,1,1.006937
1040,1,1.006937
1041,1,1.006937
1042,1,1.006937
1043,0,0.977002
1044,1,1.006937
1045,1,1.006937
1046,1,1.006937
1047,1,1.011924
1048,3,1.003570
1049,1,1.011924
1050,1,1.006937
1051,1,1.006937
1052,0,1.006937
1053,2,1.006937
1054,1,1.006937
1055,0,0.977002
1056,1,1.011924
1057,1,0.977002
1058,1,1.006937
1059,1,1.006937
1060,1,1.006937
1061,2,1.006937
1062,1,1.006937
1063,1,1.006937
1064,0,0.977002
1065,2,1.006937
1066,1,1.006937
1067,1,1.006937
1068,1,1.006937
1069,1,0.977002
1070,1,1.006937
1071,3,1.006937
1072,1,1.006937
1073,1,1.006937
1074,1,1.006937
1075,1,1.006937
1076,1,1.006937
1077,2,1.006937
1078,3,1.011924
1079,1,0.977002
1080,1,1.006937
1081,1,1.011924
1082,1,1.006937
1083,1,1.006937
1084,0,1.006937
1085,3,1.006937
1086,1,1.006937
1087,1,1.006937
1088,2,1.006937
1089,1,0.977002
1090,0,1.006937
1091,1,1.006937
1092,0,0.977002
1093,3,0.977002
1094,1,1.006937
1095,1,1.006937
1096,1,1.011924
1097,1,1.006937
1098,2,1.006937
1099,1,1.006937
1100,1,1.006937
1101,1,1.006937
1102,1,1.011924
1103,3,1.006937
1104,1,1.011924
1105,1,1.006937
1106,1,1.006937
1107,1,1.006937
1108,2,1.006937
1109,1,1.006937
1110,1,1.006937
1111,1,1.006937
1112,1,0.977002
1113,3,1.011924
1114,1,1.006937
1115,1,1.006937
1116,1,1.006937
1117,1,1.006937
1118,1,0.977002
1119,1,1.006937
1120,1,1.006937
1121,1,0.977002
1122,1,1.006937
1123,3,1.006937
1124,1,1.006937
1125,1,1.006937
1126,1,1.006937
1127,3,1.006937
1128,1,1.006937
1129,1,1.006937
1130,2,1.006937
1131,1,0.977002
1132,1,1.006937
1133,2,1.006937
1134,1,1.006937
1135,1,1.006937
1136,1,1.006937
1137,0,1.006937
1138,1,1.006937
1139,1,0.977002
1140,1,1.006937
1141,1,1.006937
1142,1,1.011924
1143,1,1.011924
1144,1,1.006937
1145,1,0.947067
1146,0,1.003570
1147,1,1.006937
1148,1,1.006937
1149,3,0.977002
1150,1,1.006937
1151,2,1.006937
1152,1,0.977002
1153,1,1.006937
1154,0,0.977002
1155,1,0.947067
1156,1,0.977002
1157,1,1.006937
1158,1,1.000204
1159,0,1.006937
1160,3,1.006937
1161,1,1.011924
1162,1,1.006937
1163,0,1.006937
1164,1,1.006937
1165,1,1.006937
1166,1,1.006937
1167,1,1.006937
1168,2,1.006937
1169,1,0.977002
1170,1,1.006937
1171,1,0.977002
1172,1,1.006937
1173,1,1.006937
1174,1,1.011924
1175,1,1.006937
1176,1,1.006937
1177,0,1.006937
1178,1,1.016911
1179,1,1.006937
1180,1,1.003570
1181,1,1.006937
1182,1,1.006937
1183,1,1.006937
1184,1,1.006937
1185,1,1.006937
1186,2,0.977002
1187,1,1.006937
1188,1,1.006937
1189,1,1.006937
1190,0,1.006937
1191,1,0.977002
1192,1,1.006937
1193,1,1.006937
1194,1,1.006937
1195,0,1.006937
1196,1,1.006937
1197,1,1.006937
1198,1,1.011924
1199,1,1.006937
1200,3,0.981841
1201,1,0.977002
1202,1,1.006937
1203,1,1.006937
1204,1,1.011924
1205,1,1.006937
1206,1,1.006937
1207,1,1.006937
1208,1,1.006937
1209,1,1.006937
1210,1,1.011924
1211,1,1.003570
1212,1,1.006937
1213,1,1.006937
1214,1,1.006937
1215,1,0.977002
1216,1,1.006937
1217,3,1.006937
1218,1,1.006937
1219,2,0.977002
1220,1,1.006937
1221,1,0.977002
1222,1,1.006937
1223,0,1.006937
1224,0,1.006937
1225,1,0.977002
1226,1,1.006937
1227,1,1.006937
1228,1,1.006937
1229,1,1.006937
1230,1,1.006937
1231,1,1.006937
1232,2,1.006937
1233,0,1.006937
1234,3,1.011924
1235,3,0.981841
1236,3,1.006937
1237,1,1.006937
1238,1,1.006937
1239,0,1.003570
1240,1,1.011924
1241,1,1.011924
1242,1,1.006937
1243,1,1.006937
1244,1,1.006937
1245,1,1.006937
1246,1,1.006937
1247,1,1.006937
1248,1,0.981841
1249,0,1.006937
1250,1,1.006937
1251,1,1.006937
1252,1,1.006937
1253,1,1.006937
1254,1,1.006937
1255,2,0.977002
1256,0,1.011924
1257,1,1.006937
1258,1,1.006937
1259,1,1.006937
1260,1,1.006937
1261,1,0.977002
1262,1,1.006937
1263,1,1.006937
1264,2,1.003570
1265,1,0.977002
1266,1,1.006937
1267,1,1.006937
1268,1,1.006937
1269,1,0.977002
1270,0,1.011924
1271,1,0.977002
1272,1,1.006937
1273,1,0.981841
1274,1,1.006937
1275,1,0.977002
1276,1,1.006937
1277,1,1.003570
1278,1,1.006937
1279,1,1.006937
1280,1,1.011924
1281,1,0.977002
1282,1,1.006937
1283,2,1.006937
1284,2,0.977002
1285,1,1.006937
1286,0,1.006937
1287,1,1.006937
1288,1,1.006937
1289,1,0.977002
1290,1,1.006937
1291,1,1.006937
1292,3,1.006937
1293,2,0.977002
1294,1,1.006937
1295,1,1.006937
1296,1,1.006937
1297,1,1.006937
1298,1,1.006937
1299,1,0.977002
1300,1,1.011924
1301,1,1.006937
1302,1,1.006937
1303,0,1.006937
1304,1,1.006937
1305,1,1.006937
1306,0,1.006937
1307,1,1.011924
1308,1,0.977002
1309,1,1.006937
1310,1,1.006937
1311,1,1.011924
1312,1,1.006937
1313,0,1.006937
1314,1,1.006937
1315,0,1.006937
1316,1,1.000000
1317,3,1.006937
1318,1,0.981841
1319,1,1.006937
1320,1,0.977002
1321,3,1.006937
1322,2,0.977002
1323,1,1.006937
1324,1,0.977002
1325,1,0.947067
1326,2,1.006937
1327,1,1.000000
1328,1,1.006937
1329,1,1.006937
1330,1,1.006937
1331,1,1.006937
1332,1,0.977002
1333,1,1.003570
1334,0,1.006937
1335,1,1.006937
1336,3,1.006937
1337,1,1.006937
1338,1,1.006937
1339,1,1.006937
1340,3,1.006937
1341,0,1.006937
1342,1,1.006937
1343,1,1.006937
1344,2,1.006937
1345,1,1.006937
1346,1,1.006937
1347,1,1.006937
1348,1,1.011924
1349,1,1.006937
1350,2,1.006937
1351,1,0.977002
1352,1,0.947067
1353,2,1.006937
1354,1,1.006937
1355,0,1.006937
1356,2,1.006937
1357,1,1.006937
1358,1,1.006937
1359,1,1.006937
1360,3,1.006937
1361,1,1.006937
1362,1,1.006937
1363,1,1.006937
1364,1,1.006937
1365,1,1.006937
1366,1,1.006937
1367,0,1.006937
1368,1,1.006937
1369,1,1.006937
1370,1,1.006937
1371,1,1.006937
1372,1,1.006937
1373,1,1.006937
1374,1,1.006937
1375,1,1.006937
1376,1,1.006937
1377,1,1.011924
1378,1,1.006937
1379,1,1.006937
1380,1,1.006937
1381,1,0.977002
1382,1,1.006937
1383,1,1.006937
1384,1,1.006937
1385,1,1.006937
1386,1,0.977002
1387,1,1.006937
1388,3,1.011924
1389,1,1.011924
1390,1,1.006937
1391,1,1.006937
1392,1,0.977002
1393,1,1.006937
1394,1,1.006937
1395,1,1.006937
1396,1,1.006937
1397,1,1.006937
1398,2,1.006937
1399,1,1.006937
1400,1,0.977002
1401,2,1.006937
1402,1,1.011924
1403,1,0.977002
1404,1,1.006937
1405,1,1.006937
1406,1,1.011924
1407,0,1.006937
1408,1,0.977002
1409,1,1.006937
1410,1,1.006937
1411,2,1.006937
1412,1,0.977002
1413,0,1.006937
1414,1,1.011924
1415,1,0.977002
1416,0,0.981841
1417,1,1.006937
1418,1,1.006937
1419,1,0.977002
1420,1,1.006937
1421,1,1.011924
1422,1,0.977002
1423,1,1.006937
1424,1,1.011924
1425,0,1.006937
1426,1,1.006937
1427,1,0.977002
1428,0,1.006937
1429,1,1.006937
1430,1,0.977002
1431,1,1.006937
1432,1,1.006937
1433,1,1.006937
1434,1,1.006937
1435,2,1.006937
1436,1,1.006937
1437,1,0.977002
1438,0,0.977002
1439,1,1.006937
1440,1,1.006937
1441,1,1.011924
1442,3,1.006937
1443,0,0.977002
1444,1,1.006937
1445,1,1.006937
1446,1,0.951758
1447,2,1.006937
1448,2,0.977002
1449,0,1.006937
1450,1,0.977002
1451,1,1.006937
1452,1,1.003570
1453,1,1.006937
1454,1,1.006937
1455,1,1.006937
1456,1,1.011924
1457,1,1.006937
1458,1,1.006937
1459,1,1.006937
1460,1,1.006937
1461,1,0.977002
1462,0,1.006937
1463,2,1.006937
1464,1,1.006937
1465,1,0.977002
1466,1,1.006937
1467,1,1.006937
1468,3,1.006937
1469,1,0.977002
1470,1,1.006937
1471,1,1.006937
1472,1,1.006937
1473,1,1.006937
1474,1,1.006937
1475,1,1.006937
1476,1,1.006937
1477,1,1.011924
1478,0,1.006937
1479,0,0.981841
1480,3,1.006937
1481,1,1.011924
1482,1,1.006937
1483,1,1.011924
1484,1,1.006937
1485,1,1.011924
1486,1,1.006937
1487,1,1.011924
1488,0,0.977002
1489,1,1.006937
1490,1,1.006937
1491,2,1.006937
1492,2,1.006937
1493,1,1.006937
1494,1,1.006937
1495,3,1.006937
1496,1,0.977002
1497,1,1.006937
1498,0,1.006937
1499,2,0.977002
1500,0,1.006937
1501,1,1.006937
1502,0,1.006937
1503,1,1.006937
1504,1,1.006937
1505,1,1.006937
1506,0,0.981841
1507,1,1.006937
1508,1,1.006937
1509,1,1.006937
1510,3,1.006937
1511,3,1.006937
1512,1,0.977002
1513,1,1.006937
1514,1,1.011924
1515,0,1.006937
1516,1,1.006937
1517,1,1.006937
1518,0,1.006937
1519,1,1.006937
1520,1,1.006937
1521,1,1.006937
1522,1,1.006937
1523,0,1.006937
1524,1,1.006937
1525,1,1.006937
1526,1,0.977002
1527,1,1.006937
1528,0,1.006937
1529,1,1.006937
1530,2,1.006937
1531,2,1.006937
1532,0,1.006937
1533,0,1.006937
1534,1,1.006937
1535,1,1.011924
1536,1,1.011924
1537,1,1.006937
1538,1,1.006937
1539,1,1.006937
1540,1,1.011924
1541,1,0.947067
1542,1,1.011924
1543,1,1.006937
1544,1,0.977002
1545,1,1.006937
1546,1,1.006937
1547,1,1.006937
1548,2,1.006937
1549,1,1.006937
1550,1,1.011924
1551,1,0.947067
1552,1,1.006937
1553,1,1.006937
1554,0,0.977002
1555,3,1.006937
1556,1,1.006937
1557,1,1.006937
1558,1,1.006937
1559,1,1.006937
1560,1,1.006937
1561,1,1.006937
1562,1,1.006937
1563,1,1.006937
1564,0,1.006937
1565,1,1.006937
1566,1,1.006937
1567,3,1.011924
1568,1,1.006937
1569,1,1.006937
1570,1,1.006937
1571,1,1.006937
1572,1,1.006937
1573,1,1.006937
1574,3,1.006937
1575,1,0.977002
1576,1,1.006937
1577,3,1.006937
1578,1,1.006937
1579,1,1.006937
1580,2,0.977002
1581,1,1.006937
1582,1,1.016911
1583,1,1.006937
1584,3,1.006937
1585,1,1.011924
1586,1,1.006937
1587,2,1.006937
1588,1,0.977002
1589,2,1.006937
1590,1,1.006937
1591,1,1.011924
1592,1,1.006937
1593,1,1.006937
1594,1,0.977002
1595,1,0.977002
1596,1,1.006937
1597,2,0.981841
1598,1,1.006937
1599,1,1.006937
1600,2,1.006937
1601,1,0.977002
1602,0,1.006937
1603,1,0.981841
1604,1,1.006937
1605,1,1.006937
1606,1,1.006937
1607,2,1.006937
1608,3,1.006937
1609,1,1.006937
1610,2,1.006937
1611,1,1.006937
1612,1,1.006937
1613,1,1.006937
1614,1,1.006937
1615,2,1.006937
1616,2,1.006937
1617,1,1.006937
1618,1,1.006937
1619,1,1.006937
1620,1,1.006937
1621,1,1.006937
1622,0,0.977002
1623,1,1.006937
1624,1,1.006937
1625,1,1.011924
1626,3,1.006937
1627,1,1.006937
1628,1,1.006937
1629,0,0.977002
1630,1,1.006937
1631,1,1.006937
1632,2,1.006937
1633,2,1.006937
1634,1,1.006937
1635,0,1.006937
1636,2,0.977002
1637,3,1.006937
1638,1,1.006937
1639,0,1.011924
1640,1,0.977002
1641,1,0.973736
1642,1,1.006937
1643,2,1.006937
1644,2,1.006937
1645,3,1.006937
1646,1,1.006937
1647,1,1.006937
1648,1,1.006937
1649,1,1.011924
1650,1,1.006937
1651,1,0.981841
1652,1,0.977002
1653,1,1.006937
1654,1,0.977002
1655,0,1.006937
1656,1,1.006937
1657,1,1.006937
1658,0,1.006937
1659,2,1.006937
1660,1,1.006937
1661,3,1.006937
1662,1,1.006937
1663,1,1.011924
1664,1,1.011924
1665,3,1.006937
1666,3,1.006937
1667,1,1.011924
1668,1,0.977002
1669,1,1.006937
1670,1,1.006937
1671,2,1.006937
1672,1,1.006937
1673,1,0.977002
1674,1,1.006937
1675,1,1.006937
1676,1,1.006937
1677,1,1.006937
1678,1,1.006937
1679,1,1.006937
1680,0,1.006937
1681,2,1.006937
1682,1,1.006937
1683,1,0.981841
1684,1,0.977002
1685,1,1.003570
1686,0,1.006937
1687,2,1.006937
1688,1,1.011924
1689,1,1.006937
1690,1,1.006937
1691,1,1.006937
1692,1,1.006937
1693,1,1.006937
1694,1,1.006937
1695,0,1.006937
1696,1,1.011924
1697,1,1.006937
1698,1,1.006937
1699,1,1.006937
1700,0,1.011924
1701,1,1.006937
1702,1,1.006937
1703,0,1.006937
1704,1,1.006937
1705,1,1.006937
1706,1,1.006937
1707,1,1.006937
1708,3,1.006937
1709,2,1.006937
1710,3,1.006937
1711,1,1.006937
1712,1,1.006937
1713,1,1.000000
1714,1,1.006937
1715,1,1.011924
1716,2,1.006937
1717,1,1.006937
1718,1,1.006937
1719,1,1.006937
1720,1,1.001593
1721,1,1.006937
1722,1,1.006937
1723,1,1.011924
1724,1,0.977002
1725,1,1.006937
1726,1,1.011924
1727,0,1.006937
1728,1,1.011924
1729,1,1.006937
1730,1,1.006937
1731,1,0.977002
1732,1,1.006937
1733,0,1.011924
1734,1,1.006937
1735,1,1.006937
1736,1,1.006937
1737,1,1.006937
1738,1,1.006937
1739,0,1.006937
1740,1,1.006937
1741,1,1.006937
1742,1,0.977002
1743,1,0.977002
1744,1,0.977002
1745,1,1.006937
1746,2,0.977002
1747,1,1.003570
1748,1,1.011924
1749,1,1.006937
1750,0,1.006937
1751,1,1.006937
1752,0,1.006937
1753,3,1.006937
1754,1,1.006937
1755,0,1.006937
1756,2,1.000000
1757,1,1.003570
1758,1,1.006937
1759,1,1.006937
1760,0,1.006937
1761,2,1.006937
1762,1,1.006937
1763,2,1.006937
1764,1,1.003570
1765,1,1.006937
1766,1,1.006937
1767,1,1.006937
1768,3,0.977002
1769,2,1.006937
1770,1,1.006937
1771,1,1.006937
1772,1,1.006937
1773,1,1.006937
1774,1,1.006937
1775,1,1.006937
1776,2,1.006937
1777,1,1.006937
1778,1,1.006937
1779,1,0.981841
1780,1,1.006937
1781,1,1.006937
1782,1,1.006937
1783,2,1.006937
1784,1,0.977002
1785,1,1.006937
1786,1,1.006937
1787,1,1.006937
1788,1,0.977002
1789,1,1.006937
1790,2,1.006937
1791,1,1.006937
1792,1,1.006937
1793,0,1.006937
1794,1,1.006937
1795,1,1.006937
1796,1,1.011924
1797,1,0.977002
1798,1,1.006937
1799,3,0.977002
1800,3,1.006937
1801,1,1.006937
1802,1,0.977002
1803,1,1.006937
1804,1,1.006937
1805,2,0.977002
1806,1,1.006937
1807,0,1.006937
1808,2,1.006937
1809,1,1.006937
1810,1,1.006937
1811,0,1.006937
1812,1,0.977002
1813,2,1.006937
1814,1,1.006937
1815,2,1.003570
1816,1,0.977002
1817,1,1.011924
1818,1,1.011924
1819,1,0.977002
1820,1,0.977002
1821,1,1.006937
1822,1,1.006937
1823,1,1.006937
1824,0,1.006937
1825,1,1.006937
1826,1,1.006937
1827,0,1.006937
1828,3,1.006937
1829,1,1.011924
1830,1,1.011924
1831,2,1.006937
1832,0,1.006937
1833,2,1.006937
1834,1,1.011924
1835,0,1.006937
1836,1,1.006937
1837,0,1.006937
1838,1,1.006937
1839,1,1.006937
1840,3,1.003570
1841,0,1.006937
1842,1,1.006937
1843,1,0.977002
1844,1,1.006937
1845,1,0.977002
1846,1,1.006937
1847,1,1.011924
1848,1,1.006937
1849,1,1.006937
1850,1,1.006937
1851,1,1.006937
1852,0,1.006937
1853,1,0.977002
1854,1,0.977002
1855,1,1.006937
1856,1,0.981841
1857,1,1.006937
1858,1,1.011924
1859,1,1.006937
1860,1,0.977002
1861,1,1.006937
1862,2,1.006937
1863,1,1.006937
1864,2,1.006937
1865,1,1.006937
1866,1,0.977002
1867,1,1.006937
1868,1,0.981841
1869,1,1.006937
1870,1,1.006937
1871,1,1.011924
1872,3,1.006937
1873,1,1.006937
1874,1,1.006937
1875,2,0.981841
1876,1,1.006937
1877,1,1.006937
1878,1,1.006937
1879,1,1.003570
1880,1,1.006937
1881,1,1.006937
1882,1,1.006937
1883,2,1.006937
1884,3,1.006937
1885,0,1.006937
1886,1,1.006937
1887,1,0.977002
1888,1,1.011924
1889,1,1.006937
1890,1,1.006937
1891,1,1.006937
1892,0,1.003570
1893,1,1.006937
1894,1,0.981841
1895,1,1.006937
1896,0,1.006937
1897,1,1.006937
1898,1,1.006937
1899,1,1.006937
1900,2,1.006937
1901,1,1.006937
1902,2,1.011924
1903,1,1.006937
1904,3,1.006937
1905,1,0.977002
1906,1,1.006937
1907,3,1.006937
1908,0,0.977002
1909,1,1.006937
1910,1,1.006937
1911,1,1.006937
1912,1,1.011924
1913,0,1.006937
1914,1,1.006937
1915,1,1.006937
1916,1,1.006937
1917,1,1.006937
1918,1,1.006937
1919,1,1.006937
1920,1,1.006937
1921,1,1.006937
1922,1,1.006937
1923,0,1.006937
1924,1,1.006937
1925,1,1.006937
1926,0,1.006937
1927,1,0.977002
1928,1,1.006937
1929,3,1.006937
1930,1,1.006937
1931,1,1.006937
1932,1,1.006937
1933,1,0.977002
1934,1,1.006937
1935,1,1.006937
1936,0,1.003570
1937,1,1.006937
1938,0,1.006937
1939,2,0.977002
1940,2,0.977002
1941,2,1.006937
1942,1,1.006937
1943,1,1.006937
1944,1,1.006937
1945,1,0.977002
1946,0,1.006937
1947,0,0.981841
1948,1,1.006937
1949,2,0.947067
1950,2,1.006937
1951,2,1.006937
1952,1,1.006937
1953,0,1.006937
1954,1,1.006937
1955,1,1.006937
1956,0,1.006937
1957,1,1.006937
1958,0,1.006937
1959,2,1.006937
1960,1,1.006937
1961,1,1.006937
1962,1,1.006937
1963,1,1.006937
1964,0,1.006937
1965,1,0.977002
1966,2,1.006937
1967,1,1.006937
1968,1,1.006937
1969,0,1.006937
1970,1,0.977002
1971,1,1.006937
1972,1,1.006937
1973,1,1.006937
1974,3,1.006937
1975,0,0.977002
1976,1,1.006937
1977,1,1.006937
1978,1,1.006937
1979,1,1.006937
1980,1,0.977002
1981,3,1.006937
1982,1,1.006937
1983,1,1.006937
1984,1,1.006937
1985,2,1.006937
1986,1,1.006937
1987,1,1.006937
1988,1,1.006937
1989,1,1.011924
1990,0,1.006937
1991,1,1.006937
1992,0,1.006937
1993,1,1.006937
1994,3,1.006937
1995,1,1.006937
1996,3,1.006937
1997,1,0.977002
1998,1,1.011924
1999,1,1.006937
2000,0,1.006937
2001,3,0.978559
2002,2,1.006937
2003,2,1.006937
2004,2,1.006937
2005,2,1.006937
2006,2,1.006937
2007,2,0.977002
2008,2,1.006937
2009,2,1.011924
2010,2,1.006937
2011,1,1.006937
2012,2,1.006937
2013,2,1.006937
2014,2,1.006937
2015,2,1.006937
2016,2,1.006937
2017,2,1.006937
2018,2,1.006937
2019,2,1.006937
2020,2,1.006937
2021,1,1.006937
2022,2,0.977002
2023,2,1.011924
2024,2,1.006937
2025,2,1.006937
2026,2,1.006937
2027,2,1.006937
2028,0,1.011924
2029,2,1.006937
2030,2,1.006937
2031,2,1.006937
2032,2,1.006937
2033,2,1.011924
2034,2,1.006937
2035,2,1.006937
2036,1,0.977002
2037,2,0.977002
2038,2,1.006937
2039,2,1.006937
2040,2,1.006937
2041,1,1.006937
2042,2,1.006937
2043,2,1.006937
2044,2,1.011924
2045,2,1.006937
2046,2,1.006937
2047,2,1.006937
2048,1,1.006937
2049,2,1.006937
2050,2,1.006937
2051,2,1.006937
2052,2,1.006937
2053,2,0.977002
2054,2,1.006937
2055,2,1.006937
2056,2,1.006937
2057,2,1.006937
2058,2,1.006937
2059,2,1.006937
2060,2,1.006937
2061,2,1.006937
2062,0,1.006937
2063,2,1.006937
2064,2,1.006937
2065,2,0.977002
2066,2,1.006937
2067,2,1.006937
2068,2,0.977002
2069,2,1.006937
2070,3,1.006937
2071,2,0.977002
2072,2,1.006937
2073,2,1.006937
2074,2,0.977002
2075,2,1.006937
2076,2,1.006937
2077,2,0.977002
2078,2,0.977002
2079,2,1.006937
2080,2,1.006937
2081,2,1.003570
2082,2,0.977002
2083,2,1.006937
2084,2,1.006937
2085,2,1.006937
2086,2,1.006937
2087,2,1.006937
2088,2,1.006937
2089,2,1.006937
2090,2,1.006937
2091,2,1.011924
2092,2,1.006937
2093,0,1.006937
2094,2,1.011924
2095,2,1.006937
2096,2,1.006937
2097,2,1.006937
2098,2,1.006937
2099,2,1.006937
2100,1,1.006937
2101,1,1.006937
2102,2,1.006937
2103,2,1.006937
2104,2,1.011924
2105,3,1.006937
2106,2,1.006937
2107,2,1.006937
2108,2,1.006937
2109,3,1.006937
2110,1,1.006937
2111,2,1.006937
2112,2,1.006937
2113,2,1.006937
2114,2,1.011924
2115,2,1.006937
2116,2,1.006937
2117,2,1.006937
2118,2,1.006937
2119,2,1.006937
2120,2,0.977002
2121,2,1.006937
2122,2,1.006937
2123,2,0.977002
2124,2,1.006937
2125,2,1.011924
2126,2,1.006937
2127,2,1.006937
2128,2,1.006937
2129,1,1.006937
2130,2,1.006937
2131,2,1.006937
2132,2,0.977002
2133,2,1.006937
2134,2,1.006937
2135,2,1.006937
2136,2,1.006937
2137,2,1.011924
2138,0,1.003570
2139,2,1.006937
2140,1,1.006937
2141,2,0.977002
2142,2,1.011924
2143,2,1.006937
2144,3,1.006937
2145,0,1.011924
2146,2,1.006937
2147,2,1.006937
2148,3,1.006937
2149,1,1.006937
2150,2,1.006937
2151,2,1.006937
2152,2,0.981841
2153,2,1.006937
2154,1,1.006937
2155,2,0.977002
2156,0,1.006937
2157,3,1.006937
2158,2,1.006937
2159,2,0.977002
2160,2,1.006937
2161,2,0.977002
2162,0,1.006937
2163,2,0.977002
2164,2,1.006937
2165,2,1.006937
2166,2,0.981841
2167,2,1.011924
2168,2,1.011924
2169,2,1.006937
2170,2,1.006937
2171,2,1.006937
2172,2,1.003570
2173,1,1.006937
2174,2,0.977002
2175,0,1.006937
2176,2,1.006937
2177,0,1.006937
2178,2,1.006937
2179,2,1.006937
2180,2,1.003570
2181,0,0.981841
2182,2,1.006937
2183,2,1.011924
2184,3,1.006937
2185,2,1.006937
2186,2,1.006937
2187,2,0.977002
2188,2,1.006937
2189,2,1.006937
2190,2,1.006937
2191,3,1.006937
2192,2,1.006937
2193,2,1.011924
2194,1,1.006937
2195,2,1.006937
2196,1,1.006937
2197,2,1.006937
2198,2,1.006937
2199,2,1.006937
2200,3,1.006937
2201,3,1.006937
2202,2,1.006937
2203,2,1.006937
2204,2,1.006937
2205,2,1.006937
2206,2,1.011924
2207,2,1.006937
2208,2,1.006937
2209,2,1.006937
2210,1,1.006937
2211,1,0.981841
2212,2,1.006937
2213,2,1.006937
2214,2,1.006937
2215,2,1.006937
2216,2,1.006937
2217,2,0.977002
2218,2,1.011924
2219,2,1.011924
2220,2,1.006937
2221,2,1.006937
2222,1,0.977002
2223,2,1.006937
2224,2,1.006937
2225,2,0.977002
2226,2,1.006937
2227,3,1.006937
2228,2,1.006937
2229,2,1.006937
2230,2,1.006937
2231,2,1.006937
2232,2,0.947067
2233,2,1.006937
2234,2,1.006937
2235,2,1.006937
2236,2,1.006937
2237,3,1.006937
2238,0,1.006937
2239,2,1.006937
2240,3,1.006937
2241,2,1.006937
2242,1,1.006937
2243,1,0.981841
2244,2,1.006937
2245,2,1.006937
2246,2,1.006937
2247,2,1.006937
2248,2,1.011924
2249,2,1.006937
2250,0,1.006937
2251,2,0.977002
2252,2,1.006937
2253,2,0.981841
2254,0,1.006937
2255,2,1.006937
2256,2,0.977002
2257,2,1.006937
2258,2,1.011924
2259,2,1.006937
2260,2,1.006937
2261,2,1.006937
2262,2,1.006937
2263,2,1.006937
2264,2,1.006937
2265,2,1.011924
2266,2,0.977002
2267,2,1.006937
2268,2,1.006937
2269,3,1.006937
2270,2,1.006937
2271,2,1.006937
2272,2,0.973736
2273,2,1.006937
2274,3,1.011924
2275,2,1.011924
2276,2,1.006937
2277,0,0.977002
2278,2,1.006937
2279,1,1.006937
2280,2,1.006937
2281,3,1.011924
2282,1,1.006937
2283,2,1.006937
2284,2,1.006937
2285,0,1.011924
2286,2,1.006937
2287,2,1.000000
2288,2,1.006937
2289,2,1.011924
2290,2,0.977002
2291,2,1.006937
2292,3,1.006937
2293,2,1.006937
2294,2,1.006937
2295,2,1.006937
2296,2,1.006937
2297,2,1.006937
2298,2,1.011924
2299,3,1.006937
2300,2,1.011924
2301,2,1.011924
2302,2,1.006937
2303,2,1.006937
2304,2,1.011924
2305,2,1.006937
2306,2,1.006937
2307,2,1.003570
2308,2,1.006937
2309,2,1.006937
2310,2,1.011924
2311,2,0.977002
2312,2,1.006937
2313,2,1.006937
2314,2,1.006937
2315,2,1.006937
2316,1,1.006937
2317,2,1.006937
2318,2,1.006937
2319,2,1.006937
2320,2,1.006937
2321,2,1.011924
2322,2,1.006937
2323,2,1.006937
2324,1,1.006937
2325,2,1.006937
2326,2,1.011924
2327,2,0.977002
2328,2,1.006937
2329,1,0.977002
2330,2,1.006937
2331,2,1.006937
2332,2,0.977002
2333,2,0.977002
2334,2,1.006937
2335,2,1.006937
2336,2,1.006937
2337,2,1.006937
2338,0,1.006937
2339,2,1.006937
2340,2,1.006937
2341,2,0.977002
2342,3,0.977002
2343,2,1.006937
2344,2,1.003570
2345,2,1.006937
2346,2,0.977002
2347,2,0.977002
2348,1,1.011924
2349,2,1.006937
2350,2,1.006937
2351,0,1.006937
2352,2,1.006937
2353,3,1.006937
2354,2,1.006937
2355,2,1.006937
2356,2,1.006937
2357,3,1.006937
2358,2,1.006937
2359,2,1.006937
2360,0,0.977002
2361,2,1.006937
2362,2,1.006937
2363,2,1.006937
2364,2,1.006937
2365,3,1.006937
2366,2,1.006937
2367,2,1.011924
2368,2,1.006937
2369,2,1.006937
2370,2,1.006937
2371,2,1.006937
2372,2,1.006937
2373,2,1.006937
2374,2,1.006937
2375,2,1.006937
2376,2,1.006937
2377,2,1.006937
2378,2,1.006937
2379,2,1.006937
2380,2,1.006937
2381,2,1.006937
2382,2,1.006937
2383,2,0.977002
2384,2,1.006937
2385,2,1.006937
2386,2,1.006937
2387,2,1.006937
2388,2,1.006937
2389,1,1.006937
2390,1,1.006937
2391,2,1.003570
2392,2,1.006937
2393,2,0.977002
2394,2,1.006937
2395,2,1.006937
2396,2,1.006937
2397,2,1.011924
2398,2,1.006937
2399,2,1.006937
2400,2,1.006937
2401,2,1.003570
2402,2,1.006937
2403,2,1.006937
2404,2,1.006937
2405,1,1.006937
2406,2,1.006937
2407,2,1.006937
2408,2,0.981841
2409,3,1.006937
2410,2,1.006937
2411,2,1.006937
2412,2,1.008541
2413,2,1.006937
2414,2,1.006937
2415,2,1.011924
2416,1,1.003570
2417,1,1.006937
2418,2,1.006937
2419,3,0.977002
2420,1,1.006937
2421,2,1.006937
2422,2,0.977002
2423,2,0.977002
2424,2,1.006937
2425,2,1.003570
2426,2,1.006937
2427,2,1.006937
2428,2,1.006937
2429,2,1.006937
2430,2,1.011924
2431,0,1.006937
2432,1,1.006937
2433,2,1.006937
2434,2,1.006937
2435,2,1.006937
2436,2,1.006937
2437,2,1.006937
2438,2,1.006937
2439,2,1.006937
2440,2,1.006937
2441,2,1.006937
2442,2,1.006937
2443,2,1.006937
2444,2,1.006937
2445,2,1.006937
2446,2,1.006937
2447,2,1.006937
2448,2,1.006937
2449,2,1.006937
2450,2,1.006937
2451,2,1.006937
2452,1,1.006937
2453,2,1.006937
2454,2,1.006937
2455,2,1.006937
2456,2,1.006937
2457,2,1.006937
2458,2,1.006937
2459,2,1.006937
2460,2,1.006937
2461,1,1.006937
2462,2,1.000000
2463,2,1.006937
2464,2,1.011924
2465,2,1.011924
2466,2,1.006937
2467,2,1.006937
2468,0,1.003570
2469,2,1.006937
2470,2,1.006937
2471,2,1.011924
2472,2,1.006937
2473,2,1.006937
2474,2,1.006937
2475,3,1.006937
2476,2,1.006937
2477,2,1.006937
2478,2,1.006937
2479,2,1.006937
2480,2,1.003570
2481,2,1.006937
2482,1,0.977002
2483,2,1.006937
2484,0,1.006937
2485,2,0.977002
2486,1,1.006937
2487,2,1.006937
2488,1,1.006937
2489,2,1.006937
2490,2,1.006937
2491,2,1.006937
2492,2,1.006937
2493,2,0.977002
2494,2,0.977002
2495,2,1.011924
2496,3,1.006937
2497,0,1.011924
2498,2,1.006937
2499,2,1.006937
2500,2,1.003570
2501,2,1.006937
2502,2,1.006937
2503,2,1.006937
2504,2,1.006937
2505,1,0.981841
2506,2,1.006937
2507,2,0.977002
2508,2,0.977002
2509,2,1.006937
2510,2,1.011924
2511,2,1.011924
2512,2,1.006937
2513,0,1.006937
2514,2,1.006937
2515,2,1.006937
2516,2,1.006937
2517,2,1.006937
2518,2,1.006937
2519,2,1.006937
2520,2,1.006937
2521,2,1.006937
2522,2,1.006937
2523,2,1.003570
2524,2,0.977002
2525,2,1.006937
2526,2,1.006937
2527,2,1.006937
2528,2,1.006937
2529,1,1.006937
2530,2,1.006937
2531,2,1.006937
2532,2,1.006937
2533,2,1.006937
2534,2,1.006937
2535,2,1.011924
2536,2,1.006937
2537,3,1.006937
2538,2,1.006937
2539,2,1.006937
2540,2,1.006937
2541,2,1.006937
2542,1,0.977002
2543,1,1.006937
2544,2,1.003570
2545,1,1.006937
2546,2,1.006937
2547,2,1.006937
2548,2,1.006937
2549,2,1.006937
2550,2,1.006937
2551,2,1.006937
2552,2,1.006937
2553,2,0.977002
2554,2,1.006937
2555,3,0.977002
2556,2,1.006937
2557,2,1.006937
2558,2,1.006937
2559,2,1.006937
2560,1,1.006937
2561,2,1.006937
2562,1,1.006937
2563,2,1.006937
2564,2,1.006937
2565,2,1.006937
2566,1,1.006937
2567,0,1.006937
2568,2,1.006937
2569,2,1.006937
2570,1,0.977002
2571,2,1.006937
2572,2,0.977002
2573,2,1.006937
2574,2,0.981841
2575,3,1.006937
2576,1,1.006937
2577,2,0.977002
2578,2,1.006937
2579,2,1.006937
2580,2,1.006937
2581,2,0.977002
2582,2,0.977002
2583,2,0.981841
2584,3,1.006937
2585,2,0.977002
2586,2,1.006937
2587,2,1.006937
2588,2,1.006937
2589,3,1.006937
2590,0,1.006937
2591,2,1.006937
2592,2,1.006937
2593,2,1.006937
2594,2,0.977002
2595,1,1.006937
2596,1,1.006937
2597,0,1.006937
2598,2,1.006937
2599,2,1.006937
2600,1,0.981841
2601,2,1.011924
2602,2,0.977002
2603,2,1.006937
2604,2,1.011924
2605,3,1.006937
2606,2,1.006937
2607,2,1.006937
2608,2,1.006937
2609,2,1.006937
2610,2,0.977002
2611,2,1.006937
2612,2,1.006937
2613,2,1.006937
2614,2,1.006937
2615,2,1.006937
2616,2,1.003570
2617,2,1.006937
2618,1,1.006937
2619,2,1.006937
2620,2,0.977002
2621,1,1.006937
2622,2,1.006937
2623,2,1.006937
2624,2,1.006937
2625,3,1.006937
2626,2,0.977002
2627,3,1.006937
2628,2,1.011924
2629,2,1.006937
2630,2,1.006937
2631,2,1.006937
2632,1,1.006937
2633,2,1.006937
2634,2,1.006937
2635,2,1.006937
2636,2,1.006937
2637,1,1.006937
2638,2,1.006937
2639,2,1.006937
2640,2,1.006937
2641,1,0.977002
2642,2,1.011924
2643,2,1.006937
2644,2,1.003570
2645,2,1.006937
2646,2,1.006937
2647,2,0.977002
2648,2,1.006937
2649,2,1.006937
2650,2,1.006937
2651,2,1.006937
2652,2,0.977002
2653,2,1.006937
2654,2,1.006937
2655,2,1.006937
2656,2,1.006937
2657,2,1.006937
2658,2,1.006937
2659,2,1.006937
2660,2,1.003570
2661,2,1.006937
2662,2,1.006937
2663,2,1.006937
2664,2,1.006937
2665,1,1.006937
2666,1,1.006937
2667,2,1.006937
2668,2,1.006937
2669,2,1.006937
2670,2,1.006937
2671,1,1.011924
2672,2,0.981841
2673,2,1.006937
2674,2,1.006937
2675,2,1.006937
2676,2,1.011924
2677,2,1.006937
2678,2,1.006937
2679,2,1.006937
2680,2,1.011924
2681,0,1.006937
2682,2,0.977002
2683,3,1.006937
2684,2,1.006937
2685,2,1.006937
2686,2,1.006937
2687,2,1.006937
2688,2,1.006937
2689,1,1.011924
2690,2,1.006937
2691,2,1.006937
2692,2,1.006937
2693,1,1.006937
2694,2,0.977002
2695,2,1.006937
2696,2,1.011924
2697,2,1.006937
2698,1,1.006937
2699,2,1.006937
2700,1,1.006937
2701,2,1.006937
2702,2,1.006937
2703,2,1.006937
2704,2,1.006937
2705,2,1.006937
2706,2,1.006937
2707,3,1.006937
2708,0,1.006937
2709,2,1.006937
2710,2,1.006937
2711,2,1.003570
2712,2,1.006937
2713,1,0.978559
2714,2,1.011924
2715,1,1.011924
2716,2,1.006937
2717,2,1.006937
2718,2,1.006937
2719,0,1.006937
2720,2,1.006937
2721,2,0.977002
2722,2,0.977002
2723,2,1.006937
2724,0,1.006937
2725,1,1.006937
2726,2,1.006937
2727,2,0.981841
2728,2,1.006937
2729,2,0.977002
2730,2,1.006937
2731,2,1.006937
2732,2,1.006937
2733,2,1.006937
2734,2,1.006937
2735,2,1.006937
2736,2,1.006937
2737,0,0.977002
2738,2,1.006937
2739,2,1.006937
2740,2,1.006937
2741,1,1.006937
2742,2,0.977002
2743,2,0.977002
2744,2,1.006937
2745,2,0.977002
2746,2,1.006937
2747,3,1.011924
2748,1,1.006937
2749,2,1.006937
2750,2,1.006937
2751,2,1.006937
2752,2,1.006937
2753,2,1.006937
2754,2,1.006937
2755,2,1.006937
2756,2,1.006937
2757,2,1.006937
2758,2,1.006937
2759,1,0.981841
2760,2,0.977002
2761,2,1.006937
2762,2,1.006937
2763,2,1.011924
2764,1,0.977002
2765,1,1.006937
2766,2,0.977002
2767,2,1.006937
2768,2,1.006937
2769,2,1.006937
2770,2,1.006937
2771,2,1.006937
2772,2,1.006937
2773,3,1.011924
2774,3,0.977002
2775,2,1.006937
2776,2,1.006937
2777,2,0.977002
2778,2,0.977002
2779,2,1.006937
2780,2,1.006937
2781,0,1.011924
2782,3,1.006937
2783,2,1.006937
2784,2,1.006937
2785,2,1.011924
2786,2,1.006937
2787,2,1.006937
2788,2,1.006937
2789,2,1.006937
2790,1,1.006937
2791,2,1.006937
2792,2,1.006937
2793,2,1.006937
2794,2,1.006937
2795,2,1.006937
2796,1,0.977002
2797,2,1.006937
2798,2,1.006937
2799,2,1.006937
2800,0,1.006937
2801,2,1.011924
2802,2,1.006937
2803,2,0.977002
2804,2,1.006937
2805,1,1.006937
2806,1,1.006937
2807,2,1.006937
2808,2,1.006937
2809,2,1.006937
2810,0,1.006937
2811,2,1.006937
2812,2,1.006937
2813,2,1.006937
2814,2,1.006937
2815,2,1.006937
2816,2,1.006937
2817,2,1.006937
2818,2,1.006937
2819,2,1.006937
2820,2,0.977002
2821,2,0.977002
2822,2,1.006937
2823,2,1.006937
2824,3,1.011924
2825,1,1.006937
2826,0,1.006937
2827,2,0.977002
2828,2,1.006937
2829,2,1.003570
2830,1,1.006937
2831,2,1.006937
2832,2,1.006937
2833,2,1.003570
2834,2,0.977002
2835,2,0.977002
2836,2,1.006937
2837,2,1.006937
2838,2,1.006937
2839,2,0.977002
2840,2,1.006937
2841,2,1.006937
2842,2,1.006937
2843,2,0.977002
2844,2,1.006937
2845,3,1.006937
2846,2,1.006937
2847,1,1.006937
2848,1,1.006937
2849,2,1.006937
2850,2,1.006937
2851,2,0.977002
2852,2,1.011924
2853,2,1.006937
2854,2,1.006937
2855,2,1.006937
2856,2,1.011924
2857,2,1.006937
2858,2,1.006937
2859,1,1.006937
2860,2,1.006937
2861,1,1.006937
2862,2,1.006937
2863,2,1.006937
2864,2,1.006937
2865,2,1.006937
2866,2,1.006937
2867,2,1.006937
2868,1,1.006937
2869,2,1.006937
2870,2,1.006937
2871,2,1.006937
2872,1,1.006937
2873,2,0.977002
2874,2,1.006937
2875,2,1.006937
2876,2,0.977002
2877,2,0.977002
2878,1,1.006937
2879,3,1.006937
2880,2,1.006937
2881,2,1.006937
2882,2,1.006937
2883,2,1.006937
2884,0,1.006937
2885,2,0.977002
2886,2,1.006937
2887,0,0.977002
2888,2,1.006937
2889,2,1.011924
2890,2,0.977002
2891,2,1.006937
2892,2,1.006937
2893,2,1.006937
2894,2,1.011924
2895,2,1.006937
2896,2,1.006937
2897,2,0.977002
2898,1,1.006937
2899,2,1.006937
2900,3,1.006937
2901,2,0.977002
2902,2,1.011924
2903,2,1.006937
2904,2,1.006937
2905,2,1.011924
2906,0,1.006937
2907,0,1.006937
2908,2,1.006937
2909,2,1.006937
2910,2,1.006937
2911,2,1.006937
2912,2,1.011924
2913,2,1.006937
2914,2,1.006937
2915,2,1.006937
2916,2,1.006937
2917,2,1.006937
2918,2,1.011924
2919,2,1.006937
2920,2,1.006937
2921,2,1.016911
2922,2,1.006937
2923,1,1.006937
2924,2,1.006937
2925,2,1.006937
2926,2,1.006937
2927,2,1.006937
2928,1,0.977002
2929,1,1.006937
2930,2,1.006937
2931,2,0.977002
2932,2,1.011924
2933,2,1.006937
2934,2,1.006937
2935,2,1.006937
2936,2,1.006937
2937,2,1.006937
2938,1,1.011924
2939,3,1.006937
2940,2,0.977002
2941,2,1.006937
2942,3,1.006937
2943,2,1.011924
2944,2,1.006937
2945,1,1.006937
2946,1,0.977002
2947,2,1.011924
2948,2,1.006937
2949,2,1.006937
2950,2,1.006937
2951,2,1.011924
2952,2,1.011924
2953,2,1.006937
2954,2,0.977002
2955,2,0.977002
2956,2,1.006937
2957,2,0.977002
2958,2,1.006937
2959,2,1.006937
2960,2,0.947067
2961,2,1.006937
2962,2,0.977002
2963,2,1.006937
2964,2,1.006937
2965,2,1.006937
2966,2,1.006937
2967,1,1.006937
2968,2,1.011924
2969,2,1.006937
2970,1,1.006937
2971,2,1.006937
2972,1,1.006937
2973,2,1.006937
2974,1,1.003570
2975,2,1.016911
2976,2,1.006937
2977,2,1.006937
2978,2,1.006937
2979,2,1.006937
2980,2,1.006937
2981,1,1.006937
2982,2,0.977002
2983,3,1.008541
2984,2,1.006937
2985,2,1.006937
2986,0,1.006937
2987,1,1.011924
2988,2,1.006937
2989,2,1.011924
2990,2,1.006937
2991,2,1.006937
2992,0,1.006937
2993,2,1.006937
2994,2,1.006937
2995,2,1.008541
2996,2,0.977002
2997,2,1.006937
2998,2,1.006937
2999,2,1.006937
3000,2,1.006937
3001,3,1.006937
3002,3,1.006937
3003,3,1.006937
3004,3,1.006937
3005,3,1.006937
3006,3,1.006937
3007,3,1.006937
3008,3,1.006937
3009,3,1.006937
3010,3,1.006937
3011,3,1.006937
3012,3,1.006937
3013,3,1.006937
3014,1,0.977002
3015,3,1.006937
3016,1,1.006937
3017,3,1.006937
3018,2,1.011924
3019,3,1.006937
3020,1,1.006937
3021,3,1.006937
3022,3,1.011924
3023,1,1.016911
3024,3,1.006937
3025,3,1.006937
3026,3,1.006937
3027,3,0.977002
3028,2,0.977002
3029,1,1.003570
3030,3,1.006937
3031,3,1.006937
3032,3,1.006937
3033,3,1.006937
3034,2,1.006937
3035,3,1.011924
3036,3,1.011924
3037,3,1.006937
3038,3,1.006937
3039,3,1.011924
3040,3,1.006937
3041,3,1.006937
3042,3,0.977002
3043,3,1.006937
3044,3,1.006937
3045,3,1.006937
3046,3,1.006937
3047,3,1.006937
3048,3,1.006937
3049,3,1.006937
3050,3,1.006937
3051,3,1.006937
3052,3,1.011924
3053,3,1.006937
3054,3,1.006937
3055,3,0.977002
3056,3,1.006937
3057,3,1.006937
3058,3,1.006937
3059,1,1.011924
3060,3,0.977002
3061,1,0.977002
3062,3,1.006937
3063,2,1.011924
3064,3,1.011924
3065,3,1.006937
3066,3,0.977002
3067,3,1.006937
3068,3,1.006937
3069,3,1.006937
3070,3,1.006937
3071,3,0.977002
3072,3,1.006937
3073,3,1.006937
3074,3,0.977002
3075,3,1.006937
3076,3,1.006937
3077,3,1.006937
3078,3,1.011924
3079,2,1.006937
3080,3,1.006937
3081,3,1.006937
3082,3,0.977002
3083,3,1.006937
3084,3,1.006937
3085,2,1.006937
3086,3,1.006937
3087,2,1.006937
3088,3,1.003570
3089,3,0.977002
3090,3,1.006937
3091,3,1.006937
3092,3,1.006937
3093,3,1.006937
3094,3,1.006937
3095,3,1.006937
3096,3,1.006937
3097,3,1.006937
3098,2,1.006937
3099,3,1.006937
3100,3,1.011924
3101,3,1.011924
3102,3,1.006937
3103,3,1.006937
3104,1,1.006937
3105,3,1.006937
3106,3,0.977002
3107,3,0.977002
3108,3,1.011924
3109,3,1.006937
3110,3,1.006937
3111,2,1.006937
3112,3,1.006937
3113,1,1.011924
3114,3,1.006937
3115,3,1.003570
3116,3,1.006937
3117,2,1.006937
3118,2,0.977002
3119,2,1.011924
3120,1,1.006937
3121,3,1.006937
3122,3,0.947067
3123,3,1.006937
3124,3,1.006937
3125,3,0.947067
3126,3,1.006937
3127,3,1.006937
3128,1,1.006937
3129,3,1.006937
3130,3,1.006937
3131,3,0.977002
3132,3,1.006937
3133,2,1.006937
3134,3,1.006937
3135,3,1.006937
3136,2,1.011924
3137,1,1.006937
3138,3,1.011924
3139,3,1.006937
3140,3,1.006937
3141,3,0.977002
3142,3,0.977002
3143,3,1.006937
3144,3,0.977002
3145,3,0.977002
3146,3,1.006937
3147,3,1.008541
3148,1,1.006937
3149,3,1.006937
3150,3,0.977002
3151,3,1.006937
3152,2,1.006937
3153,3,1.011924
3154,3,1.006937
3155,3,0.977002
3156,3,0.977002
3157,3,1.011924
3158,3,1.006937
3159,3,0.977002
3160,3,1.006937
3161,3,1.006937
3162,1,0.981841
3163,3,1.006937
3164,3,1.006937
3165,3,1.006937
3166,3,1.006937
3167,3,0.977002
3168,3,1.006937
3169,3,1.006937
3170,3,1.006937
3171,3,1.006937
3172,0,1.006937
3173,3,1.006937
3174,3,1.006937
3175,3,1.006937
3176,3,0.977002
3177,3,1.006937
3178,3,0.977002
3179,3,1.006937
3180,3,1.006937
3181,2,1.006937
3182,3,1.011924
3183,1,1.006937
3184,1,1.006937
3185,3,1.006937
3186,3,1.006937
3187,3,0.977002
3188,3,1.006937
3189,1,1.006937
3190,3,1.006937
3191,1,0.977002
3192,3,0.973736
3193,3,1.006937
3194,3,1.006937
3195,3,1.006937
3196,3,1.006937
3197,1,1.006937
3198,3,1.006937
3199,3,1.006937
3200,3,1.006937
3201,3,1.003570
3202,3,0.977002
3203,3,1.006937
3204,3,1.011924
3205,3,1.006937
3206,2,1.006937
3207,0,1.006937
3208,3,1.006937
3209,3,1.006937
3210,3,1.006937
3211,3,1.006937
3212,3,1.006937
3213,3,1.006937
3214,2,1.006937
3215,3,1.011924
3216,1,1.006937
3217,3,0.977002
3218,3,1.006937
3219,3,1.006937
3220,3,1.006937
3221,3,1.006937
3222,3,1.006937
3223,3,1.006937
3224,1,1.006937
3225,3,1.006937
3226,3,1.011924
3227,3,1.006937
3228,3,1.006937
3229,2,1.006937
3230,3,1.006937
3231,3,1.006937
3232,2,1.006937
3233,2,0.977002
3234,2,1.006937
3235,3,1.006937
3236,3,1.003570
3237,3,1.006937
3238,3,1.006937
3239,3,1.006937
3240,3,1.006937
3241,3,1.006937
3242,3,1.006937
3243,3,1.006937
3244,2,1.006937
3245,3,0.977002
3246,2,1.006937
3247,3,1.006937
3248,3,1.006937
3249,3,1.011924
3250,3,1.006937
3251,3,1.006937
3252,3,1.006937
3253,3,1.006937
3254,3,0.977002
3255,1,0.977002
3256,3,1.006937
3257,3,1.006937
3258,3,1.006937
3259,1,1.006937
3260,3,1.006937
3261,3,1.006937
3262,3,1.011924
3263,3,0.977002
3264,3,0.977002
3265,3,1.006937
3266,3,0.977002
3267,3,1.006937
3268,3,1.006937
3269,3,1.006937
3270,0,1.006937
3271,3,1.006937
3272,3,1.006937
3273,2,1.006937
3274,3,1.006937
3275,3,1.006937
3276,3,1.006937
3277,3,1.006937
3278,3,1.006937
3279,3,1.006937
3280,3,1.006937
3281,3,1.006937
3282,3,1.006937
3283,3,1.006937
3284,3,1.006937
3285,3,0.977002
3286,3,1.006937
3287,3,1.006937
3288,3,0.977002
3289,3,1.006937
3290,3,1.003570
3291,2,1.011924
3292,3,1.006937
3293,3,1.006937
3294,3,0.981841
3295,3,1.003570
3296,3,1.006937
3297,3,0.977002
3298,3,0.977002
3299,3,1.006937
3300,3,0.977002
3301,3,1.006937
3302,3,1.011924
3303,3,1.006937
3304,3,1.006937
3305,2,1.006937
3306,3,1.006937
3307,3,1.006937
3308,3,0.977002
3309,3,1.011924
3310,3,0.977002
3311,1,1.006937
3312,3,0.977002
3313,3,1.006937
3314,3,1.006937
3315,3,1.006937
3316,3,1.006937
3317,2,1.006937
3318,3,1.006937
3319,3,1.006937
3320,3,1.006937
3321,3,1.011924
3322,3,1.006937
3323,3,1.006937
3324,3,1.006937
3325,3,1.006937
3326,3,1.006937
3327,3,1.006937
3328,3,1.006937
3329,3,1.000000
3330,1,0.977002
3331,3,1.006937
3332,3,0.977002
3333,3,0.977002
3334,3,1.000000
3335,3,1.006937
3336,3,1.006937
3337,3,1.006937
3338,3,1.006937
3339,2,1.006937
3340,1,1.006937
3341,2,1.006937
3342,3,1.006937
3343,3,1.006937
3344,3,1.006937
3345,3,0.977002
3346,3,1.006937
3347,3,1.006937
3348,3,1.006937
3349,3,0.977002
3350,2,1.006937
3351,3,1.006937
3352,3,0.981841
3353,3,1.006937
3354,3,1.006937
3355,3,0.977002
3356,3,1.006937
3357,3,0.977002
3358,3,1.006937
3359,3,1.006937
3360,3,0.977002
3361,3,1.006937
3362,3,1.006937
3363,3,0.977002
3364,3,1.006937
3365,3,1.006937
3366,1,1.006937
3367,3,1.006937
3368,3,1.011924
3369,2,1.006937
3370,3,1.006937
3371,3,1.006937
3372,3,0.977002
3373,3,1.006937
3374,3,1.006937
3375,3,1.003570
3376,3,1.006937
3377,3,1.006937
3378,3,0.981841
3379,3,1.006937
3380,3,1.006937
3381,3,1.006937
3382,3,1.006937
3383,2,1.006937
3384,3,1.004953
3385,3,1.011924
3386,3,1.006937
3387,3,1.006937
3388,3,1.006937
3389,3,1.006937
3390,3,0.977002
3391,1,1.006937
3392,3,1.006937
3393,3,1.006937
3394,3,1.006937
3395,3,1.006937
3396,3,1.006937
3397,3,1.006937
3398,2,1.011924
3399,3,1.006937
3400,3,1.006937
3401,3,1.006937
3402,3,1.006937
3403,3,1.006937
3404,2,1.006937
3405,3,1.006937
3406,3,1.004953
3407,3,1.006937
3408,3,0.977002
3409,1,0.977002
3410,3,1.006937
3411,3,1.006937
3412,3,1.006937
3413,3,1.006937
3414,3,1.006937
3415,3,1.006937
3416,3,1.006937
3417,3,1.006937
3418,2,1.011924
3419,3,1.006937
3420,3,1.003570
3421,3,1.006937
3422,3,1.006937
3423,3,1.006937
3424,3,1.006937
3425,3,1.006937
3426,3,1.006937
3427,3,1.006937
3428,1,1.011924
3429,3,1.006937
3430,3,1.006937
3431,3,1.006937
3432,3,1.006937
3433,3,1.011924
3434,2,1.006937
3435,3,1.006937
3436,0,0.977002
3437,3,1.006937
3438,3,1.006937
3439,3,0.977002
3440,3,1.006937
3441,2,1.006937
3442,3,1.006937
3443,3,1.006937
3444,3,1.003570
3445,3,1.006937
3446,3,1.006937
3447,3,1.006937
3448,3,1.006937
3449,2,1.006937
3450,2,1.006937
3451,3,1.011924
3452,3,1.006937
3453,2,0.977002
3454,3,1.003570
3455,3,1.006937
3456,2,1.006937
3457,3,0.977002
3458,3,1.006937
3459,3,1.006937
3460,3,1.006937
3461,3,1.006937
3462,3,1.006937
3463,3,1.006937
3464,2,0.977002
3465,3,1.006937
3466,3,1.006937
3467,3,1.006937
3468,3,1.011924
3469,3,1.006937
3470,3,1.006937
3471,2,1.006937
3472,3,1.006937
3473,2,1.006937
3474,3,0.977002
3475,3,1.006937
3476,3,1.006937
3477,3,1.006937
3478,3,1.011924
3479,2,1.006937
3480,3,1.006937
3481,2,0.977002
3482,3,1.006937
3483,3,1.006937
3484,3,1.011924
3485,3,1.006937
3486,3,1.006937
3487,2,0.981841
3488,3,1.006937
3489,3,1.006937
3490,3,1.006937
3491,2,1.006937
3492,3,1.006937
3493,3,1.006937
3494,3,1.006937
3495,3,1.006937
3496,3,1.006937
3497,3,1.011924
3498,3,1.006937
3499,3,1.006937
3500,3,1.006937
3501,3,1.006937
3502,3,1.006937
3503,3,0.981841
3504,3,1.006937
3505,2,1.006937
3506,3,1.006937
3507,3,1.006937
3508,3,1.006937
3509,3,1.006937
3510,3,1.006937
3511,3,1.003570
3512,3,1.003570
3513,1,1.006937
3514,3,1.006937
3515,3,1.006937
3516,3,1.006937
3517,3,1.006937
3518,3,1.006937
3519,3,1.006937
3520,2,1.006937
3521,3,1.006937
3522,3,1.006937
3523,3,1.006937
3524,3,1.016911
3525,3,1.006937
3526,3,1.006937
3527,3,1.006937
3528,3,0.977002
3529,3,1.006937
3530,3,1.006937
3531,3,1.006937
3532,3,1.006937
3533,3,1.006937
3534,3,1.006937
3535,3,1.006937
3536,3,1.006937
3537,3,1.006937
3538,3,0.977002
3539,3,1.006937
3540,2,1.011924
3541,3,1.006937
3542,3,1.006937
3543,3,1.006937
3544,3,1.003570
3545,3,1.006937
3546,3,1.006937
3547,3,1.006937
3548,3,1.006937
3549,3,1.006937
3550,3,1.006937
3551,3,1.006937
3552,3,1.006937
3553,3,0.977002
3554,3,1.006937
3555,3,1.006937
3556,3,1.006937
3557,3,1.011924
3558,3,1.006937
3559,3,1.006937
3560,3,1.006937
3561,3,1.006937
3562,3,1.006937
3563,2,1.006937
3564,3,1.006937
3565,3,1.006937
3566,3,1.011924
3567,3,1.006937
3568,3,1.006937
3569,2,1.006937
3570,3,1.006937
3571,3,1.006937
3572,3,1.006937
3573,3,1.006937
3574,3,1.006937
3575,3,1.006937
3576,3,1.006937
3577,3,1.006937
3578,3,0.977002
3579,3,1.006937
3580,3,1.006937
3581,3,1.006937
3582,3,1.006937
3583,3,0.973736
3584,3,1.006937
3585,3,1.006937
3586,3,1.011924
3587,3,1.006937
3588,3,1.006937
3589,3,1.006937
3590,3,1.006937
3591,2,1.006937
3592,3,1.006937
3593,2,1.006937
3594,3,1.006937
3595,3,1.006937
3596,3,0.977002
3597,3,1.006937
3598,3,0.977002
3599,3,1.006937
3600,3,1.006937
3601,3,1.006937
3602,3,1.006937
3603,3,1.006937
3604,2,1.006937
3605,3,1.011924
3606,1,1.006937
3607,3,1.011924
3608,3,1.006937
3609,3,1.006937
3610,3,1.006937
3611,3,1.006937
3612,3,1.006937
3613,3,1.006937
3614,3,1.006937
3615,3,1.011924
3616,3,1.006937
3617,3,1.006937
3618,3,0.977002
3619,3,1.006937
3620,3,1.006937
3621,3,1.011924
3622,3,1.006937
3623,3,1.006937
3624,3,1.006937
3625,3,1.006937
3626,3,1.006937
3627,3,1.006937
3628,3,1.006937
3629,3,1.006937
3630,2,1.006937
3631,3,1.006937
3632,3,1.006937
3633,1,1.006937
3634,3,1.006937
3635,3,1.016911
3636,3,0.977002
3637,3,1.006937
3638,3,1.006937
3639,3,1.006937
3640,3,1.006937
3641,3,0.977002
3642,2,1.003570
3643,3,1.006937
3644,3,1.006937
3645,3,1.006937
3646,3,1.006937
3647,3,1.006937
3648,3,1.011924
3649,3,0.981841
3650,3,1.006937
3651,3,1.006937
3652,3,0.977002
3653,3,1.006937
3654,3,0.977002
3655,3,1.006937
3656,3,1.006937
3657,3,1.006937
3658,3,1.006937
3659,3,1.006937
3660,3,1.006937
3661,3,0.947067
3662,3,1.006937
3663,3,1.008541
3664,3,1.003570
3665,3,1.006937
3666,3,1.006937
3667,3,0.977002
3668,3,1.006937
3669,3,1.006937
3670,2,0.977002
3671,1,1.006937
3672,3,1.006937
3673,3,1.006937
3674,3,0.981841
3675,3,1.003570
3676,3,1.006937
3677,3,1.006937
3678,3,1.006937
3679,3,1.006937
3680,3,1.011924
3681,3,1.006937
3682,2,1.006937
3683,3,1.006937
3684,3,1.006937
3685,3,0.977002
3686,3,1.011924
3687,3,0.977002
3688,3,1.006937
3689,3,1.006937
3690,3,1.006937
3691,1,1.006937
3692,3,1.006937
3693,3,1.011924
3694,3,1.011924
3695,3,1.006937
3696,3,1.006937
3697,2,1.006937
3698,3,1.006937
3699,3,1.006937
3700,3,1.006937
3701,3,0.977002
3702,3,1.006937
3703,3,1.006937
3704,1,1.006937
3705,3,1.006937
3706,3,1.006937
3707,3,1.006937
3708,3,1.006937
3709,3,1.011924
3710,2,1.006937
3711,3,1.006937
3712,3,1.006937
3713,3,1.006937
3714,3,1.006937
3715,3,1.006937
3716,3,1.011924
3717,3,1.006937
3718,3,1.006937
3719,3,1.006937
3720,3,1.006937
3721,1,1.006937
3722,3,1.006937
3723,3,1.006937
3724,3,1.006937
3725,3,1.006937
3726,3,1.006937
3727,3,1.006937
3728,3,1.006937
3729,3,1.006937
3730,3,0.977002
3731,3,1.006937
3732,3,1.011924
3733,2,1.006937
3734,3,1.006937
3735,3,0.977002
3736,3,0.981841
3737,3,0.977002
3738,3,0.977002
3739,3,1.006937
3740,3,1.006937
3741,3,1.006937
3742,2,1.006937
3743,3,1.006937
3744,3,0.977002
3745,3,1.006937
3746,3,1.006937
3747,2,1.011924
3748,3,0.981841
3749,3,1.011924
3750,3,1.011924
3751,3,0.977002
3752,1,1.006937
3753,3,1.011924
3754,3,1.006937
3755,3,1.006937
3756,3,0.973736
3757,1,1.006937
3758,1,1.006937
3759,3,1.006937
3760,3,1.006937
3761,3,1.006937
3762,3,0.981841
3763,3,1.006937
3764,3,1.006937
3765,3,1.006937
3766,3,1.006937
3767,3,1.006937
3768,3,1.006937
3769,3,1.006937
3770,3,1.006937
3771,3,1.006937
3772,3,1.006937
3773,3,0.977002
3774,3,1.006937
3775,2,1.006937
3776,3,1.006937
3777,3,0.977002
3778,3,1.006937
3779,0,1.006937
3780,3,1.006937
3781,3,1.006937
3782,3,1.006937
3783,3,1.006937
3784,1,1.006937
3785,3,1.006937
3786,3,1.006937
3787,3,1.006937
3788,3,1.006937
3789,3,0.977002
3790,3,1.006937
3791,3,1.006937
3792,3,1.006937
3793,3,0.977002
3794,2,1.006937
3795,3,1.006937
3796,2,1.006937
3797,3,1.006937
3798,3,0.981841
3799,3,1.006937
3800,2,1.006937
3801,3,1.006937
3802,3,1.006937
3803,3,1.006937
3804,3,0.977002
3805,3,1.011924
3806,2,1.006937
3807,3,1.011924
3808,3,1.006937
3809,3,1.006937
3810,3,1.006937
3811,3,1.006937
3812,2,1.006937
3813,3,1.006937
3814,2,1.006937
3815,3,1.006937
3816,3,1.006937
3817,3,0.981841
3818,2,1.006937
3819,3,1.006937
3820,0,1.006937
3821,3,1.006937
3822,3,1.006937
3823,3,1.006937
3824,3,1.006937
3825,3,1.011924
3826,3,1.003570
3827,3,1.006937
3828,2,1.006937
3829,3,1.006937
3830,3,1.006937
3831,3,1.006937
3832,2,1.006937
3833,3,1.006937
3834,3,1.006937
3835,3,1.006937
3836,3,1.006937
3837,3,1.006937
3838,3,1.011924
3839,3,0.977002
3840,3,1.006937
3841,3,1.006937
3842,3,1.006937
3843,3,1.011924
3844,3,1.006937
3845,3,1.006937
3846,3,1.006937
3847,2,1.011924
3848,3,1.011924
3849,3,1.006937
3850,3,1.006937
3851,3,0.977002
3852,1,1.006937
3853,3,1.006937
3854,3,1.011924
3855,2,1.006937
3856,3,0.977002
3857,2,1.006937
3858,3,1.006937
3859,3,0.977002
3860,3,1.006937
3861,3,1.006937
3862,3,1.006937
3863,1,1.006937
3864,3,1.006937
3865,3,1.006937
3866,3,1.006937
3867,3,1.011924
3868,3,1.006937
3869,2,1.006937
3870,3,0.981841
3871,3,1.006937
3872,3,1.006937
3873,3,1.006937
3874,3,1.006937
3875,3,1.011924
3876,2,1.011924
3877,3,1.006937
3878,3,1.006937
3879,2,1.006937
3880,3,1.003570
3881,3,1.006937
3882,3,0.977002
3883,3,1.006937
3884,3,1.006937
3885,1,1.006937
3886,3,1.006937
3887,3,0.977002
3888,3,1.006937
3889,3,0.977002
3890,3,1.006937
3891,3,1.006937
3892,3,1.006937
3893,3,1.006937
3894,3,1.006937
3895,3,1.006937
3896,3,1.006937
3897,3,0.977002
3898,3,1.006937
3899,3,1.006937
3900,3,1.006937
3901,3,1.006937
3902,3,1.006937
3903,3,1.011924
3904,2,1.006937
3905,3,1.011924
3906,1,0.977002
3907,3,1.006937
3908,1,1.006937
3909,3,1.006937
3910,2,1.011924
3911,2,0.981841
3912,3,1.006937
3913,3,1.006937
3914,3,1.006937
3915,3,1.006937
3916,3,1.006937
3917,3,1.006937
3918,3,1.006937
3919,3,1.006937
3920,3,1.006937
3921,3,1.006937
3922,3,1.006937
3923,1,1.006937
3924,1,1.006937
3925,2,1.006937
3926,3,1.006937
3927,3,1.006937
3928,1,0.977002
3929,1,1.011924
3930,1,1.006937
3931,3,1.006937
3932,3,1.006937
3933,3,1.006937
3934,3,0.977002
3935,3,1.006937
3936,3,1.006937
3937,3,1.006937
3938,3,1.006937
3939,3,0.977002
3940,3,1.006937
3941,3,1.006937
3942,3,1.006937
3943,3,1.006937
3944,3,1.006937
3945,3,1.011924
3946,2,1.006937
3947,3,1.006937
3948,3,0.977002
3949,2,1.006937
3950,3,1.006937
3951,3,1.006937
3952,2,1.006937
3953,3,1.006937
3954,3,1.006937
3955,3,1.006937
3956,1,1.006937
3957,3,1.006937
3958,3,1.011924
3959,3,1.006937
3960,3,1.003570
3961,3,1.006937
3962,3,1.006937
3963,3,1.006937
3964,3,1.011924
3965,2,0.973736
3966,3,1.006937
3967,2,1.006937
3968,3,1.006937
3969,3,1.011924
3970,3,1.006937
3971,3,1.006937
3972,3,1.006937
3973,3,0.977002
3974,3,1.006937
3975,3,1.006937
3976,3,1.006937
3977,3,1.006937
3978,2,1.006937
3979,3,1.006937
3980,3,1.006937
3981,3,0.977002
3982,3,1.006937
3983,2,1.006937
3984,3,1.006937
3985,3,1.006937
3986,3,1.006937
3987,3,0.977002
3988,3,1.006937
3989,3,1.003570
3990,1,1.006937
3991,3,0.977002
3992,3,1.006937
3993,3,1.006937
3994,3,1.006937
3995,3,1.006937
3996,2,1.006937
3997,3,1.011924
3998,1,1.006937
3999,3,1.006937
